来源机构,年份,月份,产品线,收入,支出,利润,利润率,新增客户,客户总量,活跃用户,流失率
Alpha,2020,1,Wealth,30196995.0,18087816.0,12109179.0,0.401,195,8570,6510,0.0778
Alpha,2020,1,Credit,27424607.0,17730419.0,9694187.0,0.3535,147,6251,4751,0.0883
Alpha,2020,1,Insurance,13866321.0,9382165.0,4484156.0,0.3234,94,4235,3361,0.06
Alpha,2020,1,Investment,10646947.0,7016292.0,3630654.0,0.341,50,2823,2124,0.0773
Alpha,2020,1,Lending,8029696.0,4805882.0,3223814.0,0.4015,34,1815,1278,0.099
Alpha,2020,2,Wealth,31706699.0,18473458.0,13233241.0,0.4174,197,8641,6221,0.0806
Alpha,2020,2,Credit,28073999.0,17461865.0,10612134.0,0.378,148,6303,4840,0.078
Alpha,2020,2,Insurance,14363037.0,8949132.0,5413904.0,0.3769,105,4270,3334,0.0722
Alpha,2020,2,Investment,13352474.0,8761177.0,4591296.0,0.3439,49,2846,2186,0.0844
Alpha,2020,2,Lending,9406948.0,5906968.0,3499980.0,0.3721,44,1830,1328,0.0865
Alpha,2020,3,Wealth,27918298.0,16158997.0,11759301.0,0.4212,178,8712,6259,0.0988
Alpha,2020,3,Credit,22450237.0,13986829.0,8463408.0,0.377,120,6354,5036,0.0891
Alpha,2020,3,Insurance,15056753.0,10158647.0,4898105.0,0.3253,73,4305,3032,0.073
Alpha,2020,3,Investment,14813799.0,9261006.0,5552792.0,0.3748,58,2869,2176,0.0986
Alpha,2020,3,Lending,9700727.0,5795585.0,3905141.0,0.4026,30,1844,1438,0.063
Alpha,2020,4,Wealth,27144995.0,15868853.0,11276142.0,0.4154,166,8783,6405,0.0606
Alpha,2020,4,Credit,25037280.0,15212365.0,9824915.0,0.3924,142,6406,4978,0.063
Alpha,2020,4,Insurance,15694737.0,10059312.0,5635424.0,0.3591,104,4340,3406,0.078
Alpha,2020,4,Investment,12147997.0,8092832.0,4055165.0,0.3338,52,2893,2119,0.0892
Alpha,2020,4,Lending,9489846.0,5822179.0,3667667.0,0.3865,38,1860,1373,0.0989
Alpha,2020,5,Wealth,31340667.0,17687196.0,13653471.0,0.4356,182,8854,6880,0.0798
Alpha,2020,5,Credit,28064773.0,18055375.0,10009398.0,0.3567,125,6458,4650,0.0958
Alpha,2020,5,Insurance,15687862.0,10371852.0,5316010.0,0.3389,87,4375,3459,0.07
Alpha,2020,5,Investment,13985278.0,8917146.0,5068131.0,0.3624,49,2916,2316,0.084
Alpha,2020,5,Lending,9706097.0,5602087.0,4104010.0,0.4228,39,1875,1367,0.0642
Alpha,2020,6,Wealth,29117534.0,16357638.0,12759895.0,0.4382,150,8925,7044,0.0816
Alpha,2020,6,Credit,24628598.0,15828177.0,8800420.0,0.3573,120,6510,5147,0.0709
Alpha,2020,6,Insurance,14911542.0,10139383.0,4772159.0,0.32,81,4410,3221,0.0666
Alpha,2020,6,Investment,13253980.0,8548225.0,4705754.0,0.355,50,2940,2093,0.0735
Alpha,2020,6,Lending,10022709.0,6213103.0,3809606.0,0.3801,32,1890,1428,0.0762
Alpha,2020,7,Wealth,27935568.0,15411859.0,12523708.0,0.4483,221,8995,6522,0.0799
Alpha,2020,7,Credit,26550602.0,17021983.0,9528618.0,0.3589,163,6561,4767,0.0991
Alpha,2020,7,Insurance,14772614.0,9999749.0,4772865.0,0.3231,79,4445,3515,0.0696
Alpha,2020,7,Investment,14410290.0,9195839.0,5214451.0,0.3619,57,2963,2237,0.0837
Alpha,2020,7,Lending,8886840.0,5192605.0,3694234.0,0.4157,33,1905,1472,0.0747
Alpha,2020,8,Wealth,35012105.0,20026511.0,14985593.0,0.428,184,9066,6428,0.0934
Alpha,2020,8,Credit,22178521.0,13739773.0,8438748.0,0.3805,145,6613,5196,0.073
Alpha,2020,8,Insurance,12606660.0,8559982.0,4046678.0,0.321,90,4480,3237,0.0858
Alpha,2020,8,Investment,13315598.0,8170032.0,5145565.0,0.3864,56,2986,2244,0.0935
Alpha,2020,8,Lending,9502438.0,5792078.0,3710359.0,0.3905,30,1920,1521,0.0951
Alpha,2020,9,Wealth,25117435.0,14977200.0,10140235.0,0.4037,153,9137,7293,0.0807
Alpha,2020,9,Credit,25840958.0,16421641.0,9419317.0,0.3645,106,6665,5263,0.096
Alpha,2020,9,Insurance,11888355.0,7949476.0,3938878.0,0.3313,80,4515,3476,0.0939
Alpha,2020,9,Investment,15094132.0,9309680.0,5784451.0,0.3832,68,3010,2300,0.0634
Alpha,2020,9,Lending,10357528.0,6037191.0,4320336.0,0.4171,41,1935,1466,0.0749
Alpha,2020,10,Wealth,29271798.0,16690483.0,12581314.0,0.4298,138,9208,6593,0.0819
Alpha,2020,10,Credit,27996329.0,17444360.0,10551969.0,0.3769,167,6716,4819,0.0607
Alpha,2020,10,Insurance,13049123.0,8618633.0,4430490.0,0.3395,102,4550,3480,0.094
Alpha,2020,10,Investment,12800292.0,8339599.0,4460692.0,0.3485,61,3033,2277,0.0855
Alpha,2020,10,Lending,8098144.0,4983279.0,3114865.0,0.3846,48,1949,1440,0.0957
Alpha,2020,11,Wealth,35076936.0,20482697.0,14594238.0,0.4161,171,9279,7093,0.0868
Alpha,2020,11,Credit,28850973.0,18415155.0,10435817.0,0.3617,150,6768,4927,0.061
Alpha,2020,11,Insurance,15495990.0,10496732.0,4999257.0,0.3226,114,4585,3424,0.0712
Alpha,2020,11,Investment,12443187.0,8060578.0,4382609.0,0.3522,46,3056,2422,0.0771
Alpha,2020,11,Lending,10755710.0,6406773.0,4348937.0,0.4043,48,1964,1389,0.0722
Alpha,2020,12,Wealth,31151299.0,17411452.0,13739847.0,0.4411,169,9350,6703,0.0823
Alpha,2020,12,Credit,31484108.0,18869912.0,12614195.0,0.4007,165,6820,4822,0.0684
Alpha,2020,12,Insurance,16282358.0,10721626.0,5560731.0,0.3415,81,4620,3370,0.0729
Alpha,2020,12,Investment,15719984.0,9874964.0,5845019.0,0.3718,67,3080,2266,0.0717
Alpha,2020,12,Lending,10358418.0,6264907.0,4093510.0,0.3952,34,1980,1507,0.0633
Alpha,2021,1,Wealth,32286700.0,18723348.0,13563351.0,0.4201,212,9256,7080,0.0881
Alpha,2021,1,Credit,29722203.0,19228894.0,10493308.0,0.353,158,6626,4656,0.0832
Alpha,2021,1,Insurance,11830004.0,7633939.0,4196064.0,0.3547,68,4446,3319,0.0817
Alpha,2021,1,Investment,15068514.0,9337416.0,5731098.0,0.3803,71,3020,2189,0.0616
Alpha,2021,1,Lending,10754500.0,6542915.0,4211585.0,0.3916,32,1978,1487,0.0908
Alpha,2021,2,Wealth,32226832.0,17791947.0,14434885.0,0.4479,182,9333,7318,0.0678
Alpha,2021,2,Credit,27964242.0,17269650.0,10694591.0,0.3824,142,6681,5161,0.099
Alpha,2021,2,Insurance,11768891.0,7498246.0,4270644.0,0.3629,69,4483,3316,0.0773
Alpha,2021,2,Investment,12826677.0,8533494.0,4293183.0,0.3347,46,3045,2424,0.0934
Alpha,2021,2,Lending,8138271.0,4790919.0,3347352.0,0.4113,31,1994,1578,0.0777
Alpha,2021,3,Wealth,33434256.0,19293117.0,14141139.0,0.423,208,9409,7207,0.0712
Alpha,2021,3,Credit,23856706.0,14767258.0,9089447.0,0.381,145,6736,5008,0.0892
Alpha,2021,3,Insurance,12028760.0,8000763.0,4027997.0,0.3349,83,4520,3506,0.0606
Alpha,2021,3,Investment,16446417.0,10928513.0,5517903.0,0.3355,48,3070,2244,0.0992
Alpha,2021,3,Lending,9594372.0,5771490.0,3822882.0,0.3985,32,2011,1506,0.0789
Alpha,2021,4,Wealth,27469597.0,15990590.0,11479007.0,0.4179,203,9486,6685,0.098
Alpha,2021,4,Credit,26991904.0,17471367.0,9520536.0,0.3527,127,6791,5178,0.0801
Alpha,2021,4,Insurance,15076040.0,9763806.0,5312233.0,0.3524,99,4557,3470,0.0978
Alpha,2021,4,Investment,16683619.0,11151486.0,5532132.0,0.3316,64,3095,2457,0.083
Alpha,2021,4,Lending,10644990.0,6340135.0,4304855.0,0.4044,33,2027,1583,0.0928
Alpha,2021,5,Wealth,27185964.0,15953643.0,11232320.0,0.4132,235,9562,7559,0.0678
Alpha,2021,5,Credit,31367570.0,19985052.0,11382518.0,0.3629,128,6845,4818,0.0847
Alpha,2021,5,Insurance,12157320.0,8215050.0,3942270.0,0.3243,83,4593,3603,0.0609
Alpha,2021,5,Investment,13378954.0,8754630.0,4624324.0,0.3456,62,3120,2400,0.0739
Alpha,2021,5,Lending,11569177.0,6679483.0,4889693.0,0.4226,45,2043,1594,0.0713
Alpha,2021,6,Wealth,34885553.0,20393806.0,14491746.0,0.4154,199,9639,7302,0.0893
Alpha,2021,6,Credit,26020073.0,16332251.0,9687822.0,0.3723,157,6900,5065,0.0972
Alpha,2021,6,Insurance,16833320.0,11205675.0,5627645.0,0.3343,100,4630,3583,0.0695
Alpha,2021,6,Investment,14099846.0,8683345.0,5416500.0,0.3842,63,3145,2461,0.0728
Alpha,2021,6,Lending,10667348.0,6656435.0,4010913.0,0.376,32,2060,1639,0.0939
Alpha,2021,7,Wealth,31704638.0,18732406.0,12972232.0,0.4092,238,9715,7724,0.0829
Alpha,2021,7,Credit,32072239.0,20686688.0,11385550.0,0.355,110,6955,5287,0.0821
Alpha,2021,7,Insurance,13306786.0,8447913.0,4858872.0,0.3651,106,4667,3635,0.0636
Alpha,2021,7,Investment,13891902.0,8495524.0,5396377.0,0.3885,79,3170,2236,0.0895
Alpha,2021,7,Lending,11786727.0,7177469.0,4609257.0,0.3911,33,2076,1482,0.0905
Alpha,2021,8,Wealth,28293871.0,15787637.0,12506234.0,0.442,228,9792,7271,0.0689
Alpha,2021,8,Credit,31304221.0,18804082.0,12500138.0,0.3993,154,7010,4964,0.0634
Alpha,2021,8,Insurance,13812579.0,8910794.0,4901785.0,0.3549,111,4704,3706,0.0695
Alpha,2021,8,Investment,13453224.0,8217766.0,5235457.0,0.3892,71,3195,2356,0.0633
Alpha,2021,8,Lending,10303227.0,6257363.0,4045863.0,0.3927,46,2092,1516,0.0732
Alpha,2021,9,Wealth,34781105.0,20188431.0,14592673.0,0.4196,149,9868,7370,0.0623
Alpha,2021,9,Credit,25425484.0,15356186.0,10069297.0,0.396,164,7064,5470,0.0872
Alpha,2021,9,Insurance,14621928.0,9098782.0,5523146.0,0.3777,88,4740,3453,0.0947
Alpha,2021,9,Investment,16215176.0,10439652.0,5775524.0,0.3562,74,3220,2568,0.0822
Alpha,2021,9,Lending,9724738.0,5606617.0,4118121.0,0.4235,42,2109,1685,0.063
Alpha,2021,10,Wealth,38870582.0,22089193.0,16781389.0,0.4317,156,9945,7126,0.0687
Alpha,2021,10,Credit,31162181.0,19405548.0,11756632.0,0.3773,151,7119,5399,0.096
Alpha,2021,10,Insurance,17261349.0,10789806.0,6471543.0,0.3749,117,4777,3371,0.0758
Alpha,2021,10,Investment,16667038.0,10546769.0,6120268.0,0.3672,57,3245,2332,0.0785
Alpha,2021,10,Lending,9526348.0,5870482.0,3655866.0,0.3838,37,2125,1564,0.0704
Alpha,2021,11,Wealth,27714001.0,15744609.0,11969391.0,0.4319,204,10021,7324,0.0926
Alpha,2021,11,Credit,30946151.0,19611893.0,11334258.0,0.3663,117,7174,5076,0.0976
Alpha,2021,11,Insurance,14523521.0,9243594.0,5279926.0,0.3635,101,4814,3571,0.0973
Alpha,2021,11,Investment,18024749.0,11480048.0,6544701.0,0.3631,54,3270,2423,0.0911
Alpha,2021,11,Lending,10706745.0,6111018.0,4595726.0,0.4292,35,2141,1625,0.0752
Alpha,2021,12,Wealth,29808415.0,16700169.0,13108246.0,0.4397,208,10098,7132,0.0615
Alpha,2021,12,Credit,25416444.0,16103747.0,9312697.0,0.3664,112,7229,5685,0.0925
Alpha,2021,12,Insurance,16140000.0,10090890.0,6049109.0,0.3748,101,4851,3747,0.0903
Alpha,2021,12,Investment,15180006.0,9945319.0,5234686.0,0.3448,64,3295,2349,0.0982
Alpha,2021,12,Lending,11257554.0,6952286.0,4305267.0,0.3824,51,2158,1673,0.0619
Alpha,2022,1,Wealth,31228117.0,18836380.0,12391737.0,0.3968,215,9942,7476,0.0909
Alpha,2022,1,Credit,28415731.0,17945482.0,10470248.0,0.3685,162,7001,5578,0.0635
Alpha,2022,1,Insurance,13671410.0,8965588.0,4705822.0,0.3442,76,4658,3274,0.0902
Alpha,2022,1,Investment,14441244.0,9121643.0,5319601.0,0.3684,74,3218,2543,0.0847
Alpha,2022,1,Lending,10364615.0,6311685.0,4052929.0,0.391,44,2141,1582,0.0775
Alpha,2022,2,Wealth,35982887.0,20381289.0,15601597.0,0.4336,205,10024,7468,0.0964
Alpha,2022,2,Credit,23997968.0,14702950.0,9295018.0,0.3873,166,7059,5611,0.0659
Alpha,2022,2,Insurance,15261935.0,9606999.0,5654936.0,0.3705,106,4697,3319,0.0618
Alpha,2022,2,Investment,14993018.0,9602172.0,5390846.0,0.3596,59,3245,2477,0.0696
Alpha,2022,2,Lending,11350023.0,6784637.0,4565385.0,0.4022,42,2159,1637,0.076
Alpha,2022,3,Wealth,30853873.0,17634454.0,13219418.0,0.4285,169,10106,7423,0.0959
Alpha,2022,3,Credit,30057996.0,18608479.0,11449516.0,0.3809,176,7117,5410,0.069
Alpha,2022,3,Insurance,13069919.0,8755067.0,4314852.0,0.3301,84,4735,3398,0.0635
Alpha,2022,3,Investment,15046464.0,9598660.0,5447804.0,0.3621,60,3271,2582,0.0651
Alpha,2022,3,Lending,9607971.0,5655024.0,3952947.0,0.4114,33,2177,1697,0.0851
Alpha,2022,4,Wealth,33366592.0,19329286.0,14037305.0,0.4207,168,10188,7515,0.0601
Alpha,2022,4,Credit,24624507.0,14814791.0,9809716.0,0.3984,161,7175,5154,0.0684
Alpha,2022,4,Insurance,14571583.0,9100791.0,5470791.0,0.3754,82,4774,3704,0.0813
Alpha,2022,4,Investment,13930414.0,8708622.0,5221791.0,0.3748,50,3298,2391,0.0885
Alpha,2022,4,Lending,11111207.0,6437095.0,4674111.0,0.4207,49,2194,1542,0.0947
Alpha,2022,5,Wealth,31985412.0,18488942.0,13496470.0,0.422,178,10270,7465,0.0751
Alpha,2022,5,Credit,29686875.0,18291927.0,11394948.0,0.3838,169,7233,5127,0.0814
Alpha,2022,5,Insurance,17282013.0,10828362.0,6453650.0,0.3734,100,4812,3695,0.0916
Alpha,2022,5,Investment,17598927.0,11284873.0,6314054.0,0.3588,69,3325,2572,0.0823
Alpha,2022,5,Lending,9098225.0,5496242.0,3601983.0,0.3959,36,2212,1611,0.0745
Alpha,2022,6,Wealth,37002982.0,21222938.0,15780044.0,0.4265,180,10353,7762,0.0732
Alpha,2022,6,Credit,29396343.0,18689207.0,10707136.0,0.3642,116,7291,5215,0.0698
Alpha,2022,6,Insurance,15792153.0,9932490.0,5859663.0,0.371,77,4851,3786,0.0622
Alpha,2022,6,Investment,17902168.0,11908271.0,5993896.0,0.3348,67,3351,2483,0.0993
Alpha,2022,6,Lending,10330838.0,5952663.0,4378174.0,0.4238,46,2230,1765,0.0602
Alpha,2022,7,Wealth,39210254.0,23311508.0,15898745.0,0.4055,174,10435,8002,0.0972
Alpha,2022,7,Credit,26912742.0,16629324.0,10283418.0,0.3821,145,7349,5760,0.0682
Alpha,2022,7,Insurance,15155295.0,9659118.0,5496176.0,0.3627,83,4889,3782,0.0812
Alpha,2022,7,Investment,16296122.0,10321358.0,5974764.0,0.3666,60,3378,2560,0.0662
Alpha,2022,7,Lending,11505702.0,7027239.0,4478462.0,0.3892,47,2247,1655,0.0782
Alpha,2022,8,Wealth,31613037.0,19163744.0,12449293.0,0.3938,261,10517,7700,0.0924
Alpha,2022,8,Credit,31022755.0,19906387.0,11116367.0,0.3583,111,7406,5270,0.0789
Alpha,2022,8,Insurance,16243612.0,10644269.0,5599342.0,0.3447,91,4928,3907,0.0932
Alpha,2022,8,Investment,16470766.0,10631696.0,5839069.0,0.3545,82,3404,2720,0.0682
Alpha,2022,8,Lending,11443380.0,7163672.0,4279707.0,0.374,50,2265,1715,0.0937
Alpha,2022,9,Wealth,41251575.0,23114228.0,18137346.0,0.4397,238,10599,8266,0.093
Alpha,2022,9,Credit,34487263.0,20731174.0,13756089.0,0.3989,161,7464,5615,0.0744
Alpha,2022,9,Insurance,14584268.0,9402501.0,5181767.0,0.3553,108,4966,3700,0.0886
Alpha,2022,9,Investment,14321571.0,9197875.0,5123696.0,0.3578,61,3431,2658,0.0801
Alpha,2022,9,Lending,12374955.0,7532366.0,4842589.0,0.3913,43,2283,1719,0.0627
Alpha,2022,10,Wealth,33649382.0,19265809.0,14383572.0,0.4275,172,10681,8480,0.0851
Alpha,2022,10,Credit,34970419.0,21275196.0,13695222.0,0.3916,125,7522,5926,0.0798
Alpha,2022,10,Insurance,15598839.0,10070781.0,5528057.0,0.3544,125,5005,3880,0.0883
Alpha,2022,10,Investment,17708551.0,11074276.0,6634274.0,0.3746,53,3458,2617,0.0905
Alpha,2022,10,Lending,10299190.0,6022161.0,4277028.0,0.4153,36,2301,1734,0.0752
Alpha,2022,11,Wealth,36584540.0,22036722.0,14547817.0,0.3976,204,10763,8392,0.066
Alpha,2022,11,Credit,29090058.0,18194746.0,10895312.0,0.3745,172,7580,5315,0.0839
Alpha,2022,11,Insurance,15563186.0,10076175.0,5487010.0,0.3526,88,5043,3704,0.0673
Alpha,2022,11,Investment,15454278.0,10036758.0,5417519.0,0.3506,60,3484,2586,0.0715
Alpha,2022,11,Lending,12609845.0,7828178.0,4781666.0,0.3792,48,2318,1739,0.0845
Alpha,2022,12,Wealth,34438020.0,19506874.0,14931145.0,0.4336,227,10846,7703,0.0968
Alpha,2022,12,Credit,26828016.0,15953281.0,10874735.0,0.4053,168,7638,5463,0.0831
Alpha,2022,12,Insurance,17481675.0,11815247.0,5666427.0,0.3241,80,5082,3610,0.0936
Alpha,2022,12,Investment,17512335.0,11259549.0,6252785.0,0.3571,56,3511,2803,0.0936
Alpha,2022,12,Lending,10404297.0,5979864.0,4424432.0,0.4253,55,2336,1756,0.0837
Alpha,2023,1,Wealth,29098488.0,17087844.0,12010643.0,0.4128,238,10627,7657,0.0915
Alpha,2023,1,Credit,26519191.0,16706826.0,9812364.0,0.37,140,7376,5559,0.0968
Alpha,2023,1,Insurance,14173301.0,9241814.0,4931487.0,0.3479,96,4870,3856,0.0835
Alpha,2023,1,Investment,14124035.0,9079687.0,5044348.0,0.3571,56,3416,2451,0.0799
Alpha,2023,1,Lending,11686830.0,7338947.0,4347883.0,0.372,41,2305,1793,0.0711
Alpha,2023,2,Wealth,30823789.0,18778294.0,12045495.0,0.3908,231,10715,7691,0.0984
Alpha,2023,2,Credit,24033800.0,14818320.0,9215480.0,0.3834,175,7437,5603,0.0674
Alpha,2023,2,Insurance,14443143.0,9305383.0,5137759.0,0.3557,76,4910,3805,0.0684
Alpha,2023,2,Investment,17526732.0,11527184.0,5999547.0,0.3423,58,3444,2423,0.0789
Alpha,2023,2,Lending,10421169.0,6198019.0,4223150.0,0.4052,41,2324,1792,0.0811
Alpha,2023,3,Wealth,34486106.0,20124513.0,14361592.0,0.4164,205,10803,8166,0.0662
Alpha,2023,3,Credit,27294113.0,17193605.0,10100507.0,0.3701,118,7498,5813,0.0709
Alpha,2023,3,Insurance,17758891.0,11389843.0,6369048.0,0.3586,94,4950,3477,0.0662
Alpha,2023,3,Investment,17253369.0,10662243.0,6591125.0,0.382,66,3472,2621,0.0702
Alpha,2023,3,Lending,9676446.0,5706069.0,3970377.0,0.4103,35,2343,1664,0.092
Alpha,2023,4,Wealth,41099850.0,22882439.0,18217411.0,0.4432,223,10891,8408,0.0922
Alpha,2023,4,Credit,30771578.0,18668008.0,12103570.0,0.3933,178,7559,5918,0.0759
Alpha,2023,4,Insurance,15808063.0,10615669.0,5192394.0,0.3285,95,4991,3655,0.0635
Alpha,2023,4,Investment,13690799.0,9102595.0,4588204.0,0.3351,59,3500,2459,0.0673
Alpha,2023,4,Lending,12150378.0,7186031.0,4964347.0,0.4086,52,2362,1868,0.085
Alpha,2023,5,Wealth,32429003.0,18176247.0,14252755.0,0.4395,204,10979,7722,0.0932
Alpha,2023,5,Credit,26747888.0,16729073.0,10018814.0,0.3746,156,7620,5666,0.0718
Alpha,2023,5,Insurance,15302087.0,9510663.0,5791424.0,0.3785,114,5031,3579,0.0826
Alpha,2023,5,Investment,14320952.0,8826387.0,5494564.0,0.3837,81,3529,2620,0.0609
Alpha,2023,5,Lending,11214624.0,6566149.0,4648475.0,0.4145,52,2381,1762,0.0687
Alpha,2023,6,Wealth,37973704.0,21261635.0,16712068.0,0.4401,274,11067,8328,0.0669
Alpha,2023,6,Credit,35056398.0,21349661.0,13706737.0,0.391,178,7681,5783,0.0926
Alpha,2023,6,Insurance,17682259.0,11733181.0,5949077.0,0.3364,104,5071,3880,0.0932
Alpha,2023,6,Investment,16420160.0,10896505.0,5523655.0,0.3364,58,3557,2583,0.0707
Alpha,2023,6,Lending,12853371.0,7636897.0,5216473.0,0.4058,50,2400,1839,0.067
Alpha,2023,7,Wealth,30854044.0,17269427.0,13584616.0,0.4403,212,11154,8667,0.0769
Alpha,2023,7,Credit,28714813.0,18378141.0,10336672.0,0.36,173,7742,5483,0.0841
Alpha,2023,7,Insurance,15678904.0,10597450.0,5081454.0,0.3241,119,5111,3801,0.0966
Alpha,2023,7,Investment,16175850.0,10549447.0,5626402.0,0.3478,74,3585,2680,0.0865
Alpha,2023,7,Lending,10966232.0,6426713.0,4539519.0,0.414,41,2419,1700,0.0705
Alpha,2023,8,Wealth,33043017.0,18487839.0,14555177.0,0.4405,263,11242,8943,0.0662
Alpha,2023,8,Credit,35032990.0,21151002.0,13881988.0,0.3963,125,7803,5520,0.0891
Alpha,2023,8,Insurance,15975011.0,10187336.0,5787675.0,0.3623,108,5152,3843,0.063
Alpha,2023,8,Investment,16154279.0,10821099.0,5333179.0,0.3301,89,3613,2530,0.0641
Alpha,2023,8,Lending,11036948.0,6892630.0,4144318.0,0.3755,58,2438,1739,0.098
Alpha,2023,9,Wealth,32215227.0,18643659.0,13571567.0,0.4213,179,11330,9016,0.0903
Alpha,2023,9,Credit,35418209.0,21307818.0,14110390.0,0.3984,169,7864,6049,0.094
Alpha,2023,9,Insurance,17493857.0,11382107.0,6111750.0,0.3494,89,5192,4147,0.0978
Alpha,2023,9,Investment,14450258.0,9643381.0,4806877.0,0.3326,76,3642,2913,0.0822
Alpha,2023,9,Lending,12596635.0,7243956.0,5352679.0,0.4249,37,2457,1891,0.0719
Alpha,2023,10,Wealth,36081825.0,21760338.0,14321487.0,0.3969,219,11418,8900,0.0898
Alpha,2023,10,Credit,26330485.0,15780571.0,10549913.0,0.4007,144,7925,6204,0.0615
Alpha,2023,10,Insurance,15684677.0,10322371.0,5362306.0,0.3419,107,5232,3914,0.0954
Alpha,2023,10,Investment,20280812.0,13174568.0,7106244.0,0.3504,81,3670,2592,0.0726
Alpha,2023,10,Lending,10264375.0,6134975.0,4129400.0,0.4023,53,2476,1915,0.0808
Alpha,2023,11,Wealth,41175751.0,23595690.0,17580060.0,0.427,199,11506,8082,0.0948
Alpha,2023,11,Credit,35419192.0,23021970.0,12397222.0,0.35,134,7986,5896,0.0973
Alpha,2023,11,Insurance,18578287.0,12622662.0,5955625.0,0.3206,81,5272,3737,0.0615
Alpha,2023,11,Investment,17306142.0,10943533.0,6362609.0,0.3677,87,3698,2952,0.0907
Alpha,2023,11,Lending,12410742.0,7568291.0,4842451.0,0.3902,50,2495,1929,0.0601
Alpha,2023,12,Wealth,44433234.0,26158852.0,18274382.0,0.4113,207,11594,8459,0.0693
Alpha,2023,12,Credit,31543035.0,19978225.0,11564810.0,0.3666,193,8047,5669,0.0644
Alpha,2023,12,Insurance,14742644.0,9423810.0,5318834.0,0.3608,91,5313,4223,0.0915
Alpha,2023,12,Investment,17724628.0,11249586.0,6475041.0,0.3653,92,3726,2937,0.084
Alpha,2023,12,Lending,13539596.0,8031625.0,5507971.0,0.4068,41,2514,2008,0.0693
Alpha,2024,1,Wealth,39547694.0,22136048.0,17411645.0,0.4403,195,11313,8858,0.0648
Alpha,2024,1,Credit,24714030.0,15802356.0,8911673.0,0.3606,133,7752,5570,0.0912
Alpha,2024,1,Insurance,17747780.0,11215777.0,6532002.0,0.368,108,5082,3667,0.0807
Alpha,2024,1,Investment,16550392.0,10100795.0,6449596.0,0.3897,60,3613,2672,0.0903
Alpha,2024,1,Lending,10057792.0,5735153.0,4322639.0,0.4298,59,2468,1841,0.0849
Alpha,2024,2,Wealth,40877074.0,23618019.0,17259055.0,0.4222,238,11407,8646,0.0637
Alpha,2024,2,Credit,28673009.0,17964495.0,10708514.0,0.3735,138,7816,5843,0.0618
Alpha,2024,2,Insurance,13415039.0,8428298.0,4986741.0,0.3717,118,5124,3922,0.082
Alpha,2024,2,Investment,14662889.0,9576575.0,5086313.0,0.3469,63,3643,2551,0.0878
Alpha,2024,2,Lending,10900702.0,6543119.0,4357583.0,0.3998,39,2488,1796,0.0873
Alpha,2024,3,Wealth,41628258.0,22916833.0,18711424.0,0.4495,179,11500,9065,0.0806
Alpha,2024,3,Credit,25623406.0,15387345.0,10236060.0,0.3995,145,7880,6050,0.0826
Alpha,2024,3,Insurance,14198040.0,9029462.0,5168577.0,0.364,104,5166,4064,0.0698
Alpha,2024,3,Investment,14877121.0,9193501.0,5683620.0,0.382,81,3673,2878,0.0879
Alpha,2024,3,Lending,10151692.0,6331102.0,3820589.0,0.3764,55,2509,1803,0.0953
Alpha,2024,4,Wealth,31766043.0,17715585.0,14050457.0,0.4423,177,11594,9073,0.0652
Alpha,2024,4,Credit,28748858.0,17404257.0,11344601.0,0.3946,131,7944,6210,0.0933
Alpha,2024,4,Insurance,13940956.0,9474508.0,4466447.0,0.3204,93,5208,3966,0.0992
Alpha,2024,4,Investment,20011599.0,13268678.0,6742921.0,0.337,69,3703,2595,0.0927
Alpha,2024,4,Lending,12111174.0,7552299.0,4558874.0,0.3764,57,2529,1907,0.0985
Alpha,2024,5,Wealth,42855559.0,25133539.0,17722019.0,0.4135,196,11687,9061,0.0916
Alpha,2024,5,Credit,28799280.0,17530895.0,11268384.0,0.3913,125,8008,5846,0.0883
Alpha,2024,5,Insurance,17371844.0,11074301.0,6297542.0,0.3625,103,5250,3705,0.063
Alpha,2024,5,Investment,15026636.0,9282070.0,5744566.0,0.3823,92,3733,2974,0.09
Alpha,2024,5,Lending,13271634.0,7887813.0,5383820.0,0.4057,48,2550,1801,0.0929
Alpha,2024,6,Wealth,40846558.0,23718837.0,17127721.0,0.4193,267,11781,9051,0.0778
Alpha,2024,6,Credit,26430042.0,16436516.0,9993526.0,0.3781,197,8072,5732,0.0942
Alpha,2024,6,Insurance,16525732.0,10449409.0,6076322.0,0.3677,116,5292,3821,0.0633
Alpha,2024,6,Investment,15167648.0,9952962.0,5214686.0,0.3438,61,3763,2960,0.0985
Alpha,2024,6,Lending,10266850.0,6201792.0,4065057.0,0.3959,62,2570,1906,0.0855
Alpha,2024,7,Wealth,45905368.0,25908730.0,19996637.0,0.4356,230,11874,8682,0.0728
Alpha,2024,7,Credit,35629936.0,22667862.0,12962073.0,0.3638,139,8136,5720,0.0861
Alpha,2024,7,Insurance,14828117.0,9582448.0,5245669.0,0.3538,105,5334,4023,0.0664
Alpha,2024,7,Investment,15132773.0,9350277.0,5782495.0,0.3821,86,3793,2947,0.0938
Alpha,2024,7,Lending,12393024.0,7794323.0,4598700.0,0.3711,59,2590,1889,0.0965
Alpha,2024,8,Wealth,45643494.0,26153767.0,19489727.0,0.427,274,11968,8953,0.0647
Alpha,2024,8,Credit,27039159.0,16590190.0,10448969.0,0.3864,143,8200,6197,0.069
Alpha,2024,8,Insurance,17750999.0,12002293.0,5748706.0,0.3239,111,5376,3907,0.0919
Alpha,2024,8,Investment,19931280.0,12176794.0,7754485.0,0.3891,63,3822,2852,0.0872
Alpha,2024,8,Lending,13633287.0,8196382.0,5436905.0,0.3988,54,2611,1903,0.0878
Alpha,2024,9,Wealth,34402850.0,19019309.0,15383541.0,0.4472,290,12061,9316,0.09
Alpha,2024,9,Credit,35825908.0,22766551.0,13059356.0,0.3645,205,8264,5902,0.08
Alpha,2024,9,Insurance,14850249.0,9910744.0,4939504.0,0.3326,100,5418,4212,0.0976
Alpha,2024,9,Investment,16882007.0,10786544.0,6095463.0,0.3611,61,3852,2831,0.0613
Alpha,2024,9,Lending,10885696.0,6624293.0,4261402.0,0.3915,47,2631,2098,0.068
Alpha,2024,10,Wealth,44885153.0,25223876.0,19661277.0,0.438,206,12155,8712,0.0642
Alpha,2024,10,Credit,33411190.0,21468253.0,11942936.0,0.3575,199,8328,6324,0.0847
Alpha,2024,10,Insurance,17279224.0,11188681.0,6090542.0,0.3525,120,5460,4297,0.0886
Alpha,2024,10,Investment,19622268.0,12224568.0,7397700.0,0.377,81,3882,2905,0.0864
Alpha,2024,10,Lending,14735875.0,8799446.0,5936429.0,0.4029,61,2652,1976,0.0857
Alpha,2024,11,Wealth,39752643.0,23857947.0,15894695.0,0.3998,237,12248,9461,0.0837
Alpha,2024,11,Credit,30795213.0,19722096.0,11073117.0,0.3596,199,8392,6058,0.099
Alpha,2024,11,Insurance,15175212.0,9641468.0,5533743.0,0.3647,130,5501,4089,0.0617
Alpha,2024,11,Investment,20374458.0,12971972.0,7402485.0,0.3633,86,3912,2827,0.0999
Alpha,2024,11,Lending,14844265.0,8912547.0,5931718.0,0.3996,42,2672,1978,0.0688
Alpha,2024,12,Wealth,43052196.0,26182660.0,16869535.0,0.3918,216,12342,9210,0.0947
Alpha,2024,12,Credit,28989809.0,18119951.0,10869857.0,0.375,198,8456,6450,0.0894
Alpha,2024,12,Insurance,16356033.0,10152860.0,6203172.0,0.3793,85,5544,4361,0.0831
Alpha,2024,12,Investment,16513784.0,11035110.0,5478673.0,0.3318,74,3942,2998,0.0839
Alpha,2024,12,Lending,13563453.0,8201776.0,5361677.0,0.3953,47,2692,2043,0.0965
Bravo,2020,1,Wealth,22612297.0,14305037.0,8307260.0,0.3674,167,7865,6082,0.0653
Bravo,2020,1,Credit,23032222.0,15332121.0,7700100.0,0.3343,116,5545,4232,0.0749
Bravo,2020,1,Insurance,20187266.0,14113753.0,6073511.999999999,0.3009,161,6856,5136,0.0699
Bravo,2020,1,Investment,11227666.0,7361966.0,3865699.0,0.3443,50,2420,1834,0.0865
Bravo,2020,1,Lending,7744802.0,4958134.0,2786668.0000000005,0.3598,28,1512,1204,0.0703
Bravo,2020,2,Wealth,22167740.0,14840374.0,7327365.0,0.3305,165,7929,6025,0.0759
Bravo,2020,2,Credit,20857197.0,13823579.0,7033617.0,0.3372,97,5591,3954,0.0668
Bravo,2020,2,Insurance,19803318.0,13527118.0,6276199.0,0.3169,149,6913,4939,0.078
Bravo,2020,2,Investment,10441701.0,6713714.0,3727986.0,0.357,53,2440,1748,0.0667
Bravo,2020,2,Lending,9561697.0,5867705.0,3693992.0,0.3863,28,1525,1148,0.0913
Bravo,2020,3,Wealth,24809480.0,15423056.0,9386424.0,0.3783,166,7994,6289,0.0682
Bravo,2020,3,Credit,20990981.0,14440718.0,6550262.0,0.3121,140,5637,4015,0.0692
Bravo,2020,3,Insurance,20704479.0,14651304.0,6053174.0,0.2924,113,6969,5193,0.0974
Bravo,2020,3,Investment,11559172.000000002,7788587.0,3770585.0,0.3262,51,2460,1891,0.0759
Bravo,2020,3,Lending,8748397.0,5179863.0,3568533.0,0.4079,23,1537,1222,0.0856
Bravo,2020,4,Wealth,23038703.999999996,14634029.0,8404674.0,0.3648,141,8060,6062,0.0737
Bravo,2020,4,Credit,19496779.0,13289412.0,6207365.999999999,0.3184,86,5683,4153,0.0882
Bravo,2020,4,Insurance,22659520.000000004,15091831.0,7567689.0,0.334,116,7026,5050,0.0892
Bravo,2020,4,Investment,13219275.0,8803063.0,4416212.0,0.3341,61,2480,1799,0.0865
Bravo,2020,4,Lending,8282963.0,4914473.0,3368489.0,0.4067,33,1550,1162,0.0847
Bravo,2020,5,Wealth,24663765.0,15245252.0,9418513.0,0.3819,184,8125,5779,0.0918
Bravo,2020,5,Credit,23859109.0,15494324.999999998,8364784.0,0.3506,98,5729,4387,0.0758
Bravo,2020,5,Insurance,19169011.0,12946154.0,6222857.0,0.3246,130,7083,5070,0.0842
Bravo,2020,5,Investment,12997761.0,8076412.0,4921348.0,0.3786,47,2500,1967,0.0913
Bravo,2020,5,Lending,9498452.0,6009469.0,3488981.9999999995,0.3673,25,1562,1195,0.0906
Bravo,2020,6,Wealth,27838242.0,17536544.0,10301697.0,0.3701,189,8190,6357,0.0919
Bravo,2020,6,Credit,25617874.0,16340769.0,9277104.0,0.3621,108,5775,4213,0.086
Bravo,2020,6,Insurance,16815268.0,11611360.0,5203907.0,0.3095,133,7140,5280,0.0878
Bravo,2020,6,Investment,13231135.0,8561735.0,4669399.0,0.3529,52,2520,1901,0.0778
Bravo,2020,6,Lending,10689810.0,6901430.0,3788380.0,0.3544,33,1575,1207,0.0848
Bravo,2020,7,Wealth,26419812.0,16907974.0,9511838.0,0.36,168,8255,6563,0.0939
Bravo,2020,7,Credit,19234454.0,13242180.0,5992273.0,0.3115,107,5820,4295,0.076
Bravo,2020,7,Insurance,18851316.0,13106110.000000002,5745205.0,0.3048,142,7196,5320,0.082
Bravo,2020,7,Investment,12742938.0,8116138.0,4626800.0,0.3631,62,2540,1782,0.0678
Bravo,2020,7,Lending,10456670.0,6390610.0,4066060.0,0.3888,38,1587,1149,0.0971
Bravo,2020,8,Wealth,31008599.0,20408953.0,10599646.0,0.3418,164,8320,5985,0.0667
Bravo,2020,8,Credit,19444005.0,13116797.0,6327207.0,0.3254,104,5866,4286,0.0921
Bravo,2020,8,Insurance,17042662.0,11506252.0,5536409.0,0.3249,115,7253,5597,0.076
Bravo,2020,8,Investment,10109950.0,6623908.0,3486041.0,0.3448,41,2560,1838,0.0872
Bravo,2020,8,Lending,8527179.0,5133474.0,3393705.0,0.398,26,1600,1167,0.0917
Bravo,2020,9,Wealth,31305150.0,20492546.000000004,10812603.0,0.3454,206,8385,6274,0.0922
Bravo,2020,9,Credit,23472290.0,15669852.0,7802437.0,0.3324,119,5912,4204,0.0601
Bravo,2020,9,Insurance,22570012.0,14915362.0,7654648.999999999,0.3392,174,7310,5283,0.0685
Bravo,2020,9,Investment,11121325.0,7445878.0,3675447.0,0.3305,48,2580,2039,0.0908
Bravo,2020,9,Lending,8719029.0,5543452.0,3175577.0,0.3642,36,1612,1172,0.0929
Bravo,2020,10,Wealth,26325883.0,16577791.0,9748092.0,0.3703,195,8450,6562,0.066
Bravo,2020,10,Credit,22187751.0,14528616.0,7659134.0,0.3452,99,5958,4609,0.0945
Bravo,2020,10,Insurance,23492871.0,15925311.999999998,7567558.0,0.3221,123,7366,5386,0.0692
Bravo,2020,10,Investment,12160335.0,7870146.0,4290188.0,0.3528,45,2600,1921,0.0838
Bravo,2020,10,Lending,10087674.0,6471178.0,3616496.0,0.3585,28,1625,1234,0.087
Bravo,2020,11,Wealth,31533784.999999996,20317470.0,11216314.0,0.3557,188,8515,6550,0.0997
Bravo,2020,11,Credit,24051971.0,15414369.0,8637602.0,0.3591,126,6004,4405,0.0962
Bravo,2020,11,Insurance,18908709.0,13124653.0,5784055.0,0.3059,159,7423,5638,0.076
Bravo,2020,11,Investment,10410891.0,6864799.0,3546091.0,0.3406,55,2619,1949,0.0933
Bravo,2020,11,Lending,10669137.0,6422592.0,4246545.0,0.398,28,1637,1234,0.0952
Bravo,2020,12,Wealth,27765306.999999996,17469711.0,10295595.0,0.3708,148,8580,6397,0.0676
Bravo,2020,12,Credit,26871801.0,16938684.0,9933117.0,0.3696,130,6050,4572,0.0892
Bravo,2020,12,Insurance,22347849.0,15419699.0,6928150.000000001,0.31,155,7480,5302,0.0985
Bravo,2020,12,Investment,11843934.0,7563533.0,4280401.0,0.3614,44,2640,1989,0.0639
Bravo,2020,12,Lending,10548468.0,6336376.0,4212092.0,0.3993,24,1650,1204,0.0992
Bravo,2021,1,Wealth,31902341.0,19599820.0,12302521.0,0.3856,148,8572,6342,0.0661
Bravo,2021,1,Credit,19303386.0,12465531.0,6837854.0,0.3542,134,5934,4298,0.0869
Bravo,2021,1,Insurance,23016491.0,15986729.0,7029761.999999999,0.3054,166,7268,5716,0.0843
Bravo,2021,1,Investment,14126059.0,8942902.0,5183157.0,0.3669,57,2613,1838,0.0721
Bravo,2021,1,Lending,10331549.0,6503705.0,3827842.9999999995,0.3705,31,1663,1221,0.0696
Bravo,2021,2,Wealth,26214331.000000004,17083055.0,9131276.0,0.3483,163,8643,6436,0.084
Bravo,2021,2,Credit,19257225.0,13100577.0,6156647.0,0.3197,136,5983,4531,0.0827
Bravo,2021,2,Insurance,17160989.0,11969607.0,5191381.0,0.3025,178,7328,5214,0.0927
Bravo,2021,2,Investment,13549391.0,8665401.0,4883989.0,0.3605,53,2635,2034,0.0657
Bravo,2021,2,Lending,8398544.0,5305522.0,3093022.0000000005,0.3683,26,1677,1241,0.0669
Bravo,2021,3,Wealth,30836443.0,20020067.0,10816375.0,0.3508,215,8714,6658,0.0929
Bravo,2021,3,Credit,22755145.000000004,14524134.0,8231011.0,0.3617,146,6032,4516,0.0843
Bravo,2021,3,Insurance,18190821.0,12724656.0,5466165.0,0.3005,147,7388,5466,0.0659
Bravo,2021,3,Investment,10413596.0,7005166.0,3408429.0,0.3273,52,2656,1993,0.0693
Bravo,2021,3,Lending,8890842.0,5485901.0,3404941.0,0.383,41,1691,1256,0.0725
Bravo,2021,4,Wealth,33091758.0,20431966.0,12659792.0,0.3826,156,8785,6897,0.06
Bravo,2021,4,Credit,22149715.0,14459881.0,7689833.0,0.3472,130,6081,4349,0.0625
Bravo,2021,4,Insurance,21643908.0,14770062.0,6873846.0,0.3176,116,7448,5954,0.0623
Bravo,2021,4,Investment,10623346.0,6596878.0,4026468.0,0.379,46,2678,1912,0.0649
Bravo,2021,4,Lending,11259915.0,7139650.0,4120264.0000000005,0.3659,28,1705,1311,0.0847
Bravo,2021,5,Wealth,24883374.0,15183789.999999998,9699584.0,0.3898,204,8856,6744,0.0723
Bravo,2021,5,Credit,28084246.0,18273199.0,9811046.0,0.3493,143,6130,4735,0.0917
Bravo,2021,5,Insurance,24113462.0,16469806.000000002,7643656.0,0.317,127,7508,5531,0.0766
Bravo,2021,5,Investment,13653536.999999998,8683419.0,4970117.0,0.364,61,2700,1892,0.0766
Bravo,2021,5,Lending,10581516.999999998,6612233.0,3969284.0,0.3751,39,1718,1302,0.0872
Bravo,2021,6,Wealth,27920508.0,17809972.0,10110535.0,0.3621,153,8927,6259,0.0696
Bravo,2021,6,Credit,24506192.0,15730715.0,8775477.0,0.3581,151,6179,4626,0.0644
Bravo,2021,6,Insurance,18715976.0,12562810.0,6153165.0,0.3288,151,7568,5498,0.066
Bravo,2021,6,Investment,11991076.0,8045977.0,3945099.0,0.329,49,2721,2105,0.079
Bravo,2021,6,Lending,8728640.0,5352010.0,3376629.0,0.3868,40,1732,1280,0.0982
Bravo,2021,7,Wealth,25400718.0,15562509.0,9838208.0,0.3873,205,8997,6581,0.0875
Bravo,2021,7,Credit,20492291.0,14045723.0,6446567.0,0.3146,110,6228,4939,0.0701
Bravo,2021,7,Insurance,18340491.0,12113749.0,6226742.0,0.3395,152,7628,5634,0.078
Bravo,2021,7,Investment,10951699.000000002,7043738.0,3907960.0,0.3568,42,2743,2062,0.066
Bravo,2021,7,Lending,9945300.0,5874723.0,4070576.0,0.4093,33,1746,1230,0.0615
Bravo,2021,8,Wealth,31389121.0,19681625.0,11707494.999999998,0.373,142,9068,6412,0.0605
Bravo,2021,8,Credit,24864568.0,16397816.0,8466752.0,0.3405,118,6277,4683,0.0997
Bravo,2021,8,Insurance,20159841.0,13376474.0,6783366.999999999,0.3365,166,7688,5523,0.067
Bravo,2021,8,Investment,13892325.0,8988654.0,4903670.0,0.353,64,2764,1953,0.077
Bravo,2021,8,Lending,10804798.0,6969847.999999999,3834950.0,0.3549,43,1760,1283,0.0908
Bravo,2021,9,Wealth,36307995.0,22872547.0,13435447.0,0.37,138,9139,6630,0.0704
Bravo,2021,9,Credit,29464611.0,19192238.0,10272373.0,0.3486,128,6326,4454,0.0987
Bravo,2021,9,Insurance,20209800.0,14197101.0,6012698.0,0.2975,152,7748,5511,0.0794
Bravo,2021,9,Investment,15116202.0,9600535.0,5515666.0,0.3649,64,2786,2133,0.0651
Bravo,2021,9,Lending,9790894.0,6298986.0,3491907.0,0.3566,37,1773,1257,0.075
Bravo,2021,10,Wealth,30834051.0,19845896.0,10988155.0,0.3564,194,9210,7315,0.0696
Bravo,2021,10,Credit,26641381.0,17302007.0,9339374.0,0.3506,127,6375,4470,0.0997
Bravo,2021,10,Insurance,22248463.0,15373346.0,6875116.0,0.309,185,7808,5667,0.0818
Bravo,2021,10,Investment,13266873.0,8420451.0,4846422.0,0.3653,55,2808,2202,0.0891
Bravo,2021,10,Lending,10262293.0,6559290.999999999,3703001.0,0.3608,27,1787,1308,0.0901
Bravo,2021,11,Wealth,31958431.0,19614702.0,12343729.0,0.3862,143,9281,6649,0.0653
Bravo,2021,11,Credit,29053899.0,18621599.0,10432299.0,0.3591,110,6424,4821,0.0936
Bravo,2021,11,Insurance,25676720.999999996,17593561.0,8083159.000000001,0.3148,177,7868,6092,0.0845
Bravo,2021,11,Investment,14175628.0,9158854.0,5016773.0,0.3539,61,2829,2227,0.0855
Bravo,2021,11,Lending,10537054.0,6574826.000000001,3962226.9999999995,0.376,29,1801,1361,0.0925
Bravo,2021,12,Wealth,36742287.0,22430850.0,14311437.0,0.3895,149,9352,6921,0.092
Bravo,2021,12,Credit,22736916.0,15264297.999999998,7472617.0,0.3287,145,6473,5058,0.0846
Bravo,2021,12,Insurance,19215024.0,13232943.0,5982080.0,0.3113,181,7928,5988,0.0602
Bravo,2021,12,Investment,13506213.0,8503540.0,5002672.0,0.3704,66,2851,1998,0.09
Bravo,2021,12,Lending,9324364.0,5854987.0,3469375.9999999995,0.3721,33,1815,1297,0.0722
Bravo,2022,1,Wealth,27630974.0,17680424.0,9950549.0,0.3601,150,9280,6853,0.0857
Bravo,2022,1,Credit,28828181.0,18358600.0,10469580.0,0.3632,132,6322,4672,0.0765
Bravo,2022,1,Insurance,17791103.0,12441276.0,5349826.000000001,0.3007,117,7679,5503,0.0673
Bravo,2022,1,Investment,13875745.0,9358088.0,4517657.0,0.3256,58,2807,2099,0.0857
Bravo,2022,1,Lending,9733198.0,6265762.999999999,3467434.0,0.3562,31,1815,1398,0.0621
Bravo,2022,2,Wealth,28863361.0,18166943.0,10696416.999999998,0.3706,215,9357,6802,0.093
Bravo,2022,2,Credit,28062298.0,18291302.0,9770996.0,0.3482,105,6374,4905,0.0898
Bravo,2022,2,Insurance,23544037.0,15716566.0,7827470.0,0.3325,177,7742,5819,0.0776
Bravo,2022,2,Investment,15352511.0,10326980.0,5025530.0,0.3273,63,2830,2047,0.0749
Bravo,2022,2,Lending,8632307.0,5301155.0,3331151.0,0.3859,40,1830,1463,0.0973
Bravo,2022,3,Wealth,28769789.0,18976299.0,9793489.0,0.3404,201,9434,7071,0.0671
Bravo,2022,3,Credit,28602116.0,19032011.0,9570104.0,0.3346,150,6426,4744,0.0829
Bravo,2022,3,Insurance,19906122.0,13890966.0,6015155.0,0.3022,161,7806,6228,0.0666
Bravo,2022,3,Investment,14271015.0,9683576.0,4587439.0,0.3215,66,2853,2075,0.0807
Bravo,2022,3,Lending,9704543.0,5852277.0,3852266.0,0.397,28,1844,1448,0.069
Bravo,2022,4,Wealth,29074839.0,18011397.0,11063441.0,0.3805,160,9510,7420,0.0783
Bravo,2022,4,Credit,29181405.0,18899012.0,10282393.0,0.3524,138,6479,4567,0.0962
Bravo,2022,4,Insurance,21599759.0,14769676.0,6830082.0,0.3162,175,7869,6110,0.0664
Bravo,2022,4,Investment,11661960.0,7838225.0,3823734.0,0.3279,54,2876,2278,0.0789
Bravo,2022,4,Lending,11845187.0,7650362.0,4194825.0,0.3541,28,1860,1354,0.0705
Bravo,2022,5,Wealth,34068825.0,22262725.0,11806099.0,0.3465,219,9587,7645,0.0748
Bravo,2022,5,Credit,26954937.0,17232631.0,9722305.0,0.3607,115,6531,4673,0.0941
Bravo,2022,5,Insurance,18498265.0,12445966.0,6052298.0,0.3272,163,7933,5827,0.0726
Bravo,2022,5,Investment,15504872.0,10220182.0,5284689.0,0.3408,69,2900,2036,0.0866
Bravo,2022,5,Lending,10270438.999999998,6596915.0,3673523.0,0.3577,44,1875,1386,0.0931
Bravo,2022,6,Wealth,37201980.0,24344623.0,12857356.0,0.3456,215,9664,7713,0.0703
Bravo,2022,6,Credit,28995526.0,18745337.0,10250189.0,0.3535,111,6583,4830,0.0723
Bravo,2022,6,Insurance,20502327.0,13808079.0,6694248.0,0.3265,147,7996,5688,0.066
Bravo,2022,6,Investment,15919970.0,10426316.0,5493653.000000001,0.3451,46,2923,2245,0.0818
Bravo,2022,6,Lending,11220897.0,7216314.0,4004581.9999999995,0.3569,44,1890,1459,0.0627
Bravo,2022,7,Wealth,34736185.0,22129370.0,12606814.0,0.3629,205,9740,7038,0.0939
Bravo,2022,7,Credit,30688417.0,20869766.0,9818650.0,0.3199,162,6635,5208,0.0868
Bravo,2022,7,Insurance,20320157.0,13376369.0,6943788.0,0.3417,157,8060,6245,0.0716
Bravo,2022,7,Investment,15508644.0,10068985.0,5439659.0,0.3508,67,2946,2197,0.0621
Bravo,2022,7,Lending,11953273.0,7412997.0,4540275.0,0.3798,35,1905,1499,0.0818
Bravo,2022,8,Wealth,28282403.0,17665045.0,10617358.0,0.3754,198,9817,7073,0.0951
Bravo,2022,8,Credit,28114345.0,19126268.0,8988077.0,0.3197,117,6688,5314,0.0824
Bravo,2022,8,Insurance,19822025.0,13155467.000000002,6666558.0,0.3363,124,8123,5739,0.0786
Bravo,2022,8,Investment,13727720.0,9102221.0,4625498.0,0.3369,56,2969,2315,0.0749
Bravo,2022,8,Lending,12859496.999999998,7724363.0,5135134.000000001,0.3993,36,1920,1492,0.0986
Bravo,2022,9,Wealth,28652761.999999996,18876342.0,9776419.0,0.3412,157,9894,7278,0.0903
Bravo,2022,9,Credit,26285395.0,17136108.0,9149287.0,0.3481,154,6740,4984,0.0966
Bravo,2022,9,Insurance,21282722.0,14446468.0,6836253.0,0.3212,159,8187,6187,0.0666
Bravo,2022,9,Investment,14696441.0,9237731.0,5458710.0,0.3714,71,2992,2177,0.0993
Bravo,2022,9,Lending,9394610.0,5769354.0,3625255.0,0.3859,29,1935,1424,0.0893
Bravo,2022,10,Wealth,27988697.000000004,18496995.0,9491702.0,0.3391,193,9971,7593,0.0633
Bravo,2022,10,Credit,23072362.0,14807467.999999998,8264894.0,0.3582,136,6792,5411,0.0767
Bravo,2022,10,Insurance,25650177.0,17183690.0,8466487.0,0.3301,176,8250,5911,0.0953
Bravo,2022,10,Investment,15966594.0,10228710.0,5737883.000000001,0.3594,49,3016,2318,0.0637
Bravo,2022,10,Lending,12886396.0,7819965.0,5066431.0,0.3932,46,1949,1379,0.0893
Bravo,2022,11,Wealth,29748969.000000004,18400016.0,11348952.999999998,0.3815,232,10047,7576,0.0884
Bravo,2022,11,Credit,25269169.0,15937670.0,9331498.0,0.3693,164,6844,5236,0.0726
Bravo,2022,11,Insurance,24822374.0,16887834.0,7934539.999999999,0.3197,193,8314,6098,0.067
Bravo,2022,11,Investment,12800565.0,8617640.0,4182925.0,0.3268,48,3039,2345,0.0768
Bravo,2022,11,Lending,13613330.0,8564466.0,5048864.0,0.3709,38,1964,1521,0.086
Bravo,2022,12,Wealth,35038184.0,22262036.0,12776147.0,0.3646,226,10124,7902,0.0937
Bravo,2022,12,Credit,28537835.0,18605283.0,9932551.0,0.348,112,6897,5294,0.073
Bravo,2022,12,Insurance,27915858.0,19813865.0,8101992.0,0.2902,182,8377,6003,0.0862
Bravo,2022,12,Investment,12961416.999999998,8757248.0,4204168.0,0.3244,48,3062,2247,0.0947
Bravo,2022,12,Lending,12381922.0,7821429.000000001,4560492.0,0.3683,33,1980,1392,0.0722
Bravo,2023,1,Wealth,34832408.0,21750925.000000004,13081482.0,0.3756,240,9988,7224,0.0923
Bravo,2023,1,Credit,27236154.0,17706248.0,9529905.0,0.3499,118,6710,5305,0.0868
Bravo,2023,1,Insurance,24893925.0,17422141.0,7471783.0,0.3001,152,8090,5970,0.0691
Bravo,2023,1,Investment,16060039.999999998,10394076.0,5665964.0,0.3528,56,3000,2393,0.0644
Bravo,2023,1,Lending,9594458.0,6226035.000000001,3368422.0,0.3511,37,1966,1381,0.0986
Bravo,2023,2,Wealth,31452754.0,19453512.0,11999241.0,0.3815,180,10071,7966,0.0902
Bravo,2023,2,Credit,21996381.0,14069597.000000002,7926784.0,0.3604,167,6765,5155,0.0824
Bravo,2023,2,Insurance,22326967.0,14741074.000000002,7585892.0,0.3398,145,8157,6421,0.0645
Bravo,2023,2,Investment,11964202.0,8049337.0,3914864.0,0.3272,47,3025,2197,0.0618
Bravo,2023,2,Lending,12000605.0,7462863.0,4537742.0,0.3781,35,1982,1505,0.0719
Bravo,2023,3,Wealth,32838256.0,20562831.0,12275425.0,0.3738,213,10153,7172,0.0951
Bravo,2023,3,Credit,25017796.0,16259858.999999998,8757936.0,0.3501,142,6821,5383,0.0674
Bravo,2023,3,Insurance,19829965.0,13447116.0,6382849.0,0.3219,192,8224,5991,0.0772
Bravo,2023,3,Investment,13252720.0,8220314.0,5032405.0,0.3797,71,3050,2294,0.0625
Bravo,2023,3,Lending,11323063.0,7210373.0,4112688.9999999995,0.3632,39,1998,1545,0.081
Bravo,2023,4,Wealth,30401550.000000004,19148355.0,11253195.0,0.3702,238,10236,8064,0.0829
Bravo,2023,4,Credit,24718413.999999996,16025763.0,8692651.0,0.3517,108,6876,5439,0.0786
Bravo,2023,4,Insurance,24596192.0,16574994.999999998,8021197.0,0.3261,198,8291,6171,0.0843
Bravo,2023,4,Investment,16433578.0,10735814.0,5697764.0,0.3467,70,3075,2349,0.0871
Bravo,2023,4,Lending,13479118.0,8677135.0,4801983.0,0.3563,37,2015,1508,0.0861
Bravo,2023,5,Wealth,37410141.0,24455229.0,12954912.0,0.3463,203,10318,8237,0.0708
Bravo,2023,5,Credit,23494983.000000004,16111545.000000002,7383437.0,0.3143,121,6932,5103,0.0789
Bravo,2023,5,Insurance,27110206.0,17772290.0,9337915.0,0.3444,145,8358,6243,0.078
Bravo,2023,5,Investment,15094558.0,9827727.0,5266830.0,0.3489,52,3100,2359,0.0712
Bravo,2023,5,Lending,11963161.0,7351935.999999999,4611225.0,0.3855,41,2031,1595,0.062
Bravo,2023,6,Wealth,37803683.0,25245175.0,12558507.0,0.3322,167,10401,7633,0.0921
Bravo,2023,6,Credit,25187946.0,17049454.0,8138492.0,0.3231,132,6987,4921,0.0711
Bravo,2023,6,Insurance,24547646.0,17300553.0,7247092.0,0.2952,178,8425,5993,0.0738
Bravo,2023,6,Investment,15455015.0,9698743.0,5756272.0,0.3725,62,3124,2406,0.0997
Bravo,2023,6,Lending,13677407.0,8127586.0,5549820.999999999,0.4058,34,2047,1512,0.0892
Bravo,2023,7,Wealth,31425612.0,19790072.0,11635539.000000002,0.3703,184,10483,8045,0.0719
Bravo,2023,7,Credit,25762507.999999996,16301433.0,9461074.0,0.3672,156,7043,5537,0.0601
Bravo,2023,7,Insurance,27806761.0,19313007.0,8493754.0,0.3055,132,8492,6457,0.0875
Bravo,2023,7,Investment,16120800.999999998,10318642.0,5802157.999999999,0.3599,72,3149,2412,0.0637
Bravo,2023,7,Lending,11457678.0,7159481.0,4298197.0,0.3751,46,2063,1458,0.0632
Bravo,2023,8,Wealth,35112887.0,21945868.999999996,13167018.0,0.375,202,10566,8078,0.0859
Bravo,2023,8,Credit,30762046.0,20130078.0,10631967.0,0.3456,107,7098,5420,0.0965
Bravo,2023,8,Insurance,23912033.0,16756135.0,7155898.0,0.2993,143,8558,6536,0.0896
Bravo,2023,8,Investment,17403840.0,11765229.0,5638611.0,0.324,64,3174,2266,0.0605
Bravo,2023,8,Lending,10107816.0,6247140.000000001,3860675.0,0.3819,40,2080,1473,0.076
Bravo,2023,9,Wealth,36742261.0,24346149.0,12396111.0,0.3374,219,10648,7819,0.0892
Bravo,2023,9,Credit,29127945.0,19980515.0,9147429.0,0.314,135,7154,5617,0.0762
Bravo,2023,9,Insurance,22627300.0,15328818.000000002,7298482.0,0.3226,203,8625,6546,0.0691
Bravo,2023,9,Investment,13652672.0,8610121.0,5042551.0,0.3693,75,3199,2532,0.0772
Bravo,2023,9,Lending,14078557.0,8399561.0,5678996.0,0.4034,31,2096,1544,0.0611
Bravo,2023,10,Wealth,34328512.0,21582188.0,12746324.0,0.3713,201,10731,7690,0.0772
Bravo,2023,10,Credit,26700037.000000004,18351290.0,8348746.0,0.3127,163,7209,5728,0.0736
Bravo,2023,10,Insurance,22468488.000000004,15081987.0,7386500.0,0.3287,185,8692,6380,0.0629
Bravo,2023,10,Investment,15326297.0,9873823.0,5452473.0,0.3558,51,3224,2529,0.0812
Bravo,2023,10,Lending,13871826.0,8835333.0,5036493.0,0.3631,52,2112,1574,0.0875
Bravo,2023,11,Wealth,36433639.0,23349029.999999996,13084609.0,0.3591,165,10814,8116,0.0986
Bravo,2023,11,Credit,26147029.000000004,17885663.0,8261366.0,0.316,124,7265,5757,0.0766
Bravo,2023,11,Insurance,26770164.0,18969308.0,7800856.0,0.2914,197,8759,6532,0.0716
Bravo,2023,11,Investment,14131597.999999998,8901086.0,5230511.0,0.3701,60,3248,2395,0.079
Bravo,2023,11,Lending,14560628.999999998,8937655.0,5622974.0,0.3862,49,2128,1698,0.0715
Bravo,2023,12,Wealth,31043080.0,20516525.0,10526555.0,0.3391,166,10896,8684,0.0909
Bravo,2023,12,Credit,29650105.0,20184347.0,9465757.0,0.3192,150,7320,5520,0.0905
Bravo,2023,12,Insurance,27982013.0,18459372.0,9522641.0,0.3403,163,8826,6907,0.0884
Bravo,2023,12,Investment,17193225.0,11631924.0,5561301.0,0.3235,60,3273,2379,0.0987
Bravo,2023,12,Lending,12404984.0,7657725.0,4747259.0,0.3827,35,2145,1626,0.1
Bravo,2024,1,Wealth,32614520.000000004,20626269.000000004,11988251.0,0.3676,212,10696,7916,0.0998
Bravo,2024,1,Credit,30075866.0,20210098.0,9865767.0,0.328,129,7098,5531,0.0785
Bravo,2024,1,Insurance,24383086.0,16733910.0,7649175.0,0.3137,130,8502,6355,0.0817
Bravo,2024,1,Investment,13048101.999999998,8769077.0,4279025.0,0.3279,66,3194,2427,0.0741
Bravo,2024,1,Lending,13174419.0,7875692.0,5298727.0,0.4022,34,2117,1649,0.065
Bravo,2024,2,Wealth,38520897.0,24235601.0,14285295.000000002,0.3708,212,10784,7585,0.0988
Bravo,2024,2,Credit,28312745.0,18749817.0,9562928.0,0.3378,177,7157,5355,0.0945
Bravo,2024,2,Insurance,22928911.0,15863439.0,7065471.0,0.3081,170,8572,6448,0.0825
Bravo,2024,2,Investment,15125350.0,9934444.0,5190905.0,0.3432,64,3220,2412,0.0831
Bravo,2024,2,Lending,13867553.0,8269677.0,5597875.0,0.4037,41,2135,1589,0.0841
Bravo,2024,3,Wealth,39574438.0,25153048.0,14421389.0,0.3644,267,10873,7829,0.0644
Bravo,2024,3,Credit,26661475.999999996,18391350.0,8270125.0,0.3102,154,7215,5265,0.0696
Bravo,2024,3,Insurance,20604992.000000004,14312992.999999998,6291999.0,0.3054,132,8642,6888,0.0688
Bravo,2024,3,Investment,15131929.0,9597338.0,5534589.999999999,0.3658,78,3247,2282,0.0949
Bravo,2024,3,Lending,12531045.999999998,8044103.0,4486943.0,0.3581,38,2152,1583,0.0922
Bravo,2024,4,Wealth,39780973.0,24903562.0,14877410.0,0.374,222,10961,8542,0.0996
Bravo,2024,4,Credit,31224061.0,20276615.0,10947445.0,0.3506,169,7274,5306,0.0606
Bravo,2024,4,Insurance,24349929.000000004,16789107.0,7560821.999999999,0.3105,185,8713,6159,0.0602
Bravo,2024,4,Investment,15164641.0,9564102.0,5600538.0,0.3693,75,3273,2580,0.088
Bravo,2024,4,Lending,12084095.0,7790419.000000001,4293676.0,0.3553,43,2170,1535,0.0763
Bravo,2024,5,Wealth,31939681.999999996,21352638.0,10587043.000000002,0.3315,199,11049,8341,0.0853
Bravo,2024,5,Credit,33625057.0,21289325.0,12335731.0,0.3669,115,7333,5833,0.0809
Bravo,2024,5,Insurance,23639112.0,15816814.0,7822298.0,0.3309,141,8783,6887,0.0697
Bravo,2024,5,Investment,14091938.0,9540050.0,4551887.0,0.323,51,3300,2442,0.0718
Bravo,2024,5,Lending,14131925.000000002,8453660.0,5678264.0,0.4018,41,2187,1594,0.0661
Bravo,2024,6,Wealth,31724908.999999996,19530911.0,12193997.0,0.3844,202,11138,8327,0.069
Bravo,2024,6,Credit,24854136.0,15689450.0,9164686.0,0.3687,155,7392,5438,0.0859
Bravo,2024,6,Insurance,27749384.0,19389311.0,8360072.0,0.3013,196,8853,6964,0.0782
Bravo,2024,6,Investment,13799861.0,8866590.0,4933271.0,0.3575,52,3326,2555,0.0697
Bravo,2024,6,Lending,12483962.0,7938810.999999999,4545151.0,0.3641,39,2205,1607,0.0825
Bravo,2024,7,Wealth,36330469.0,24029969.0,12300500.0,0.3386,255,11226,8162,0.0799
Bravo,2024,7,Credit,28879951.0,18398852.0,10481098.0,0.3629,173,7450,5752,0.0709
Bravo,2024,7,Insurance,25875296.0,17878401.0,7996894.999999999,0.3091,133,8923,6702,0.0619
Bravo,2024,7,Investment,15252811.0,9828771.0,5424039.0,0.3556,80,3352,2541,0.0787
Bravo,2024,7,Lending,13556438.0,8610921.0,4945516.0,0.3648,49,2222,1625,0.0641
Bravo,2024,8,Wealth,33071633.0,21900175.0,11171458.0,0.3378,233,11315,8900,0.0829
Bravo,2024,8,Credit,26075963.0,16597029.0,9478934.0,0.3635,145,7509,5939,0.0751
Bravo,2024,8,Insurance,25053716.0,16773252.0,8280463.0,0.3305,145,8994,6333,0.0826
Bravo,2024,8,Investment,13605155.0,8735017.0,4870138.0,0.358,74,3379,2366,0.0667
Bravo,2024,8,Lending,12174646.0,7273978.0,4900668.0,0.4025,37,2240,1630,0.0652
Bravo,2024,9,Wealth,40025615.0,25129985.0,14895628.999999998,0.3722,205,11403,8102,0.0913
Bravo,2024,9,Credit,30308556.0,19095361.0,11213195.0,0.37,121,7568,5674,0.0754
Bravo,2024,9,Insurance,29645446.0,20278560.0,9366886.0,0.316,177,9064,6534,0.0747
Bravo,2024,9,Investment,15516289.999999998,10548394.0,4967895.0,0.3202,80,3405,2446,0.0821
Bravo,2024,9,Lending,12063109.0,7225549.999999999,4837558.0,0.401,38,2257,1728,0.0789
Bravo,2024,10,Wealth,42295941.99999999,26694543.0,15601398.999999998,0.3689,263,11491,8910,0.0614
Bravo,2024,10,Credit,31553835.0,21513529.0,10040306.0,0.3182,164,7626,5901,0.0726
Bravo,2024,10,Insurance,27029152.0,19106045.0,7923107.0,0.2931,199,9134,6821,0.0832
Bravo,2024,10,Investment,18620693.0,12614022.0,6006671.0,0.3226,74,3431,2684,0.0913
Bravo,2024,10,Lending,14233593.0,9023307.0,5210285.0,0.3661,53,2275,1595,0.0752
Bravo,2024,11,Wealth,35293649.0,21871618.0,13422031.0,0.3803,255,11580,9204,0.0613
Bravo,2024,11,Credit,28333807.0,18863022.0,9470784.0,0.3343,156,7685,5836,0.0604
Bravo,2024,11,Insurance,25930132.0,17044943.0,8885188.0,0.3427,141,9204,6808,0.0905
Bravo,2024,11,Investment,15167567.0,9609572.0,5557995.0,0.3664,78,3458,2600,0.099
Bravo,2024,11,Lending,11523833.0,7092673.0,4431159.0,0.3845,36,2292,1692,0.0747
Bravo,2024,12,Wealth,36978562.0,24186384.0,12792177.0,0.3459,177,11668,8509,0.0909
Bravo,2024,12,Credit,29451420.0,19926954.0,9524465.0,0.3234,165,7744,5862,0.0827
Bravo,2024,12,Insurance,31065363.000000004,20851459.0,10213904.0,0.3288,229,9275,7278,0.0609
Bravo,2024,12,Investment,13918136.0,8771407.0,5146729.0,0.3698,73,3484,2540,0.0683
Bravo,2024,12,Lending,13960094.999999998,8820337.0,5139757.0,0.3682,36,2310,1669,0.0699
Charlie,2020,1,Wealth,25508017.0,17476903.0,8031114.0,0.3148,143,7260,5123,0.0983
Charlie,2020,1,Credit,20590626.0,15147504.0,5443122.0,0.2643,98,4840,3703,0.0858
Charlie,2020,1,Insurance,17928436.0,13723567.0,4204869.0,0.2345,71,3831,2768,0.0678
Charlie,2020,1,Investment,15762740.0,10344069.0,5418670.0,0.3438,75,3226,2359,0.071
Charlie,2020,1,Lending,9301321.0,5965240.0,3336081.0,0.3587,25,1210,893,0.087
Charlie,2020,2,Wealth,22669301.0,15447052.0,7222249.0,0.3186,179,7320,5370,0.089
Charlie,2020,2,Credit,21539362.0,15239889.0,6299472.0,0.2925,76,4880,3487,0.0603
Charlie,2020,2,Insurance,17607555.0,13314568.0,4292987.0,0.2438,59,3863,2864,0.0721
Charlie,2020,2,Investment,18957666.0,13184799.0,5772867.0,0.3045,65,3253,2498,0.063
Charlie,2020,2,Lending,7732472.0,4904555.0,2827916.0,0.3657,27,1220,920,0.0672
Charlie,2020,3,Wealth,27163534.0,19757831.0,7405702.0,0.2726,122,7379,5494,0.0684
Charlie,2020,3,Credit,19020458.0,13495758.0,5524700.0,0.2905,80,4920,3933,0.0811
Charlie,2020,3,Insurance,14061712.0,10623362.0,3438350.0,0.2445,95,3894,2802,0.0981
Charlie,2020,3,Investment,18557517.0,12723025.0,5834491.0,0.3144,80,3279,2466,0.0688
Charlie,2020,3,Lending,9864142.0,6547622.0,3316519.0,0.3362,25,1230,869,0.0849
Charlie,2020,4,Wealth,26407887.0,19255273.0,7152613.0,0.2709,173,7440,5752,0.0742
Charlie,2020,4,Credit,19145076.0,13255895.0,5889181.0,0.3076,100,4960,3956,0.0903
Charlie,2020,4,Insurance,17630841.0,12672108.0,4958732.0,0.2813,89,3926,2869,0.0693
Charlie,2020,4,Investment,21239472.0,14230531.0,7008941.0,0.33,54,3306,2501,0.0909
Charlie,2020,4,Lending,10375191.0,6783467.0,3591723.0,0.3462,28,1240,965,0.0751
Charlie,2020,5,Wealth,27361097.0,19598190.0,7762907.0,0.2837,160,7500,5416,0.0729
Charlie,2020,5,Credit,20671533.0,14865292.0,5806241.0,0.2809,115,5000,3626,0.0698
Charlie,2020,5,Insurance,16941670.0,12556261.0,4385409.0,0.2589,85,3958,2817,0.0716
Charlie,2020,5,Investment,22096426.0,14469361.0,7627064.0,0.3452,83,3333,2348,0.0904
Charlie,2020,5,Lending,9507717.0,6197827.0,3309889.0,0.3481,19,1250,879,0.0623
Charlie,2020,6,Wealth,29945417.0,20823224.0,9122193.0,0.3046,140,7560,5887,0.07
Charlie,2020,6,Credit,18153835.0,12990331.0,5163504.0,0.2844,96,5040,3955,0.0961
Charlie,2020,6,Insurance,15502692.0,11082962.0,4419729.0,0.2851,63,3990,2994,0.0688
Charlie,2020,6,Investment,18720508.0,13251103.0,5469404.0,0.2922,56,3360,2643,0.0713
Charlie,2020,6,Lending,9901265.0,6575600.0,3325665.0,0.3359,27,1260,952,0.0771
Charlie,2020,7,Wealth,29195814.0,19983758.0,9212055.0,0.3155,135,7620,5603,0.0958
Charlie,2020,7,Credit,17923049.0,12532675.0,5390374.0,0.3008,96,5080,3943,0.0929
Charlie,2020,7,Insurance,18809931.0,13922125.0,4887805.0,0.2599,68,4021,3052,0.0674
Charlie,2020,7,Investment,20282034.0,13677633.0,6604401.0,0.3256,51,3386,2585,0.0746
Charlie,2020,7,Lending,10498713.0,6651490.0,3847222.0,0.3664,25,1270,940,0.0924
Charlie,2020,8,Wealth,22573649.0,16028838.0,6544811.0,0.2899,168,7680,5968,0.0862
Charlie,2020,8,Credit,20221923.0,14540784.0,5681138.0,0.2809,100,5120,3607,0.0716
Charlie,2020,8,Insurance,14984636.0,11504390.0,3480245.0,0.2323,65,4053,3147,0.06
Charlie,2020,8,Investment,19541920.0,13802851.0,5739068.0,0.2937,63,3413,2635,0.068
Charlie,2020,8,Lending,7914196.0,5316346.0,2597850.0,0.3283,23,1280,925,0.0601
Charlie,2020,9,Wealth,25527384.0,18342265.0,7185119.0,0.2815,140,7740,5984,0.0856
Charlie,2020,9,Credit,19110215.0,13359845.0,5750369.0,0.3009,99,5160,3768,0.073
Charlie,2020,9,Insurance,15465712.0,11674002.0,3791710.0,0.2452,72,4085,2910,0.0735
Charlie,2020,9,Investment,19241216.0,13192834.0,6048381.0,0.3143,59,3440,2670,0.0817
Charlie,2020,9,Lending,8343651.0,5426202.0,2917448.0,0.3497,20,1290,973,0.0884
Charlie,2020,10,Wealth,26458889.0,18887911.0,7570977.0,0.2861,157,7799,5668,0.0851
Charlie,2020,10,Credit,22964219.0,16857584.0,6106635.0,0.2659,109,5200,3794,0.0886
Charlie,2020,10,Insurance,15212400.0,11202327.0,4010072.0,0.2636,93,4116,3172,0.0669
Charlie,2020,10,Investment,21226221.0,13882469.0,7343752.0,0.346,80,3466,2667,0.0886
Charlie,2020,10,Lending,8251228.0,5295546.0,2955681.0,0.3582,21,1300,926,0.094
Charlie,2020,11,Wealth,23463347.0,16742405.0,6720941.0,0.2864,181,7859,5654,0.0738
Charlie,2020,11,Credit,18682268.0,12914836.0,5767431.0,0.3087,123,5239,4034,0.0891
Charlie,2020,11,Insurance,19289398.0,13756708.0,5532690.0,0.2868,82,4148,3061,0.0665
Charlie,2020,11,Investment,22843916.0,15688419.0,7155496.0,0.3132,84,3493,2450,0.0913
Charlie,2020,11,Lending,9723965.0,6244217.0,3479748.0,0.3579,27,1309,1026,0.0639
Charlie,2020,12,Wealth,28477316.0,19584070.0,8893245.0,0.3123,183,7920,5976,0.0987
Charlie,2020,12,Credit,22918987.0,16598486.0,6320501.0,0.2758,95,5280,3950,0.0647
Charlie,2020,12,Insurance,15001952.0,10831406.0,4170545.0,0.278,85,4180,3091,0.0653
Charlie,2020,12,Investment,24143650.0,15970363.0,8173287.0,0.3385,76,3520,2684,0.0727
Charlie,2020,12,Lending,9981619.0,6484437.0,3497182.0,0.3504,30,1320,957,0.085
Charlie,2021,1,Wealth,23749478.0,16124926.0,7624552.0,0.321,198,7986,6091,0.0699
Charlie,2021,1,Credit,23623175.0,17643909.0,5979265.0,0.2531,107,5227,3809,0.0723
Charlie,2021,1,Insurance,14819751.0,11045170.0,3774580.0,0.2547,99,4099,3045,0.0951
Charlie,2021,1,Investment,21106849.0,14899300.0,6207549.0,0.2941,80,3517,2562,0.0773
Charlie,2021,1,Lending,10741641.0,6975058.0,3766583.0,0.3507,21,1355,976,0.0753
Charlie,2021,2,Wealth,29538983.0,20426086.0,9112896.0,0.3085,174,8052,6145,0.068
Charlie,2021,2,Credit,21515629.0,15122988.0,6392640.0,0.2971,110,5270,4210,0.073
Charlie,2021,2,Insurance,17017677.0,12662494.0,4355183.0,0.2559,102,4133,2920,0.0807
Charlie,2021,2,Investment,18851304.0,12286515.0,6564789.0,0.3482,57,3546,2625,0.0895
Charlie,2021,2,Lending,8740797.0,5725825.0,3014972.0,0.3449,23,1366,1027,0.063
Charlie,2021,3,Wealth,27748761.0,19914731.0,7834029.0,0.2823,160,8118,5900,0.0715
Charlie,2021,3,Credit,17791492.0,12607287.0,5184204.0,0.2914,87,5313,4035,0.0669
Charlie,2021,3,Insurance,17117718.0,12203471.0,4914247.0,0.2871,74,4167,2955,0.084
Charlie,2021,3,Investment,24319714.0,17132613.0,7187100.0,0.2955,73,3575,2731,0.0882
Charlie,2021,3,Lending,11164541.0,7535467.0,3629074.0,0.3251,29,1377,1061,0.0844
Charlie,2021,4,Wealth,23203864.0,16206846.0,6997018.0,0.3015,143,8184,5730,0.067
Charlie,2021,4,Credit,22117489.0,15992159.0,6125330.0,0.2769,113,5356,3863,0.0976
Charlie,2021,4,Insurance,19960007.0,15126533.0,4833474.0,0.2422,87,4201,3235,0.0872
Charlie,2021,4,Investment,19681846.0,13233105.0,6448741.0,0.3276,67,3604,2860,0.0817
Charlie,2021,4,Lending,9318701.0,5894499.0,3424202.0,0.3675,26,1388,1088,0.0675
Charlie,2021,5,Wealth,23730441.0,17017572.0,6712869.0,0.2829,178,8250,6185,0.0897
Charlie,2021,5,Credit,24970928.0,18589419.0,6381508.0,0.2556,121,5400,4273,0.0774
Charlie,2021,5,Insurance,15114888.0,10897303.0,4217585.0,0.279,85,4235,3150,0.0999
Charlie,2021,5,Investment,20690659.0,13929003.0,6761655.0,0.3268,77,3633,2631,0.0886
Charlie,2021,5,Lending,11117536.0,7234852.0,3882684.0,0.3492,32,1400,987,0.0965
Charlie,2021,6,Wealth,31804035.0,22742983.0,9061051.0,0.2849,142,8316,6046,0.0699
Charlie,2021,6,Credit,17908245.0,13049888.0,4858357.0,0.2713,104,5443,3927,0.0839
Charlie,2021,6,Insurance,15429725.0,11805761.0,3623963.0,0.2349,104,4269,3346,0.0922
Charlie,2021,6,Investment,21002561.0,14289931.0,6712629.0,0.3196,65,3662,2851,0.0759
Charlie,2021,6,Lending,11426507.0,7374977.0,4051529.0,0.3546,31,1411,1061,0.0627
Charlie,2021,7,Wealth,29093631.0,20492106.0,8601524.0,0.2956,143,8382,6537,0.0733
Charlie,2021,7,Credit,24544369.0,17865676.0,6678693.0,0.2721,131,5486,4205,0.0915
Charlie,2021,7,Insurance,15759558.0,11745908.0,4013650.0,0.2547,102,4303,3286,0.0933
Charlie,2021,7,Investment,23906011.0,16205848.0,7700162.0,0.3221,60,3691,2873,0.0768
Charlie,2021,7,Lending,8567914.0,5761554.0,2806360.0,0.3275,27,1422,998,0.072
Charlie,2021,8,Wealth,27544819.0,19434027.0,8110791.0,0.2945,166,8448,5937,0.0684
Charlie,2021,8,Credit,25735602.0,18200794.0,7534807.0,0.2928,83,5529,4096,0.097
Charlie,2021,8,Insurance,17110143.0,13010078.0,4100065.0,0.2396,68,4337,3116,0.0866
Charlie,2021,8,Investment,26044566.0,17365633.0,8678933.0,0.3332,86,3720,2769,0.0922
Charlie,2021,8,Lending,8704377.0,5844220.0,2860157.0,0.3286,25,1433,1076,0.0814
Charlie,2021,9,Wealth,31819900.0,21810891.0,10009008.0,0.3146,134,8514,6702,0.0931
Charlie,2021,9,Credit,24318744.0,16905726.0,7413017.0,0.3048,136,5572,4082,0.0742
Charlie,2021,9,Insurance,20183678.0,15212641.0,4971036.0,0.2463,75,4370,3198,0.0961
Charlie,2021,9,Investment,26117761.0,17244714.0,8873046.0,0.3397,69,3749,2819,0.0918
Charlie,2021,9,Lending,9559003.0,6115138.0,3443865.0,0.3603,34,1444,1118,0.0776
Charlie,2021,10,Wealth,25998817.0,18517486.0,7481330.0,0.2878,168,8580,6358,0.0889
Charlie,2021,10,Credit,20996894.0,15458420.0,5538474.0,0.2638,90,5616,4024,0.0601
Charlie,2021,10,Insurance,15761980.0,11444079.0,4317900.0,0.2739,88,4404,3153,0.0633
Charlie,2021,10,Investment,22944208.0,15720177.0,7224031.0,0.3149,84,3778,2977,0.0649
Charlie,2021,10,Lending,9808579.0,6705922.0,3102657.0,0.3163,25,1456,1094,0.0843
Charlie,2021,11,Wealth,29286730.0,21085981.0,8200749.0,0.28,150,8646,6283,0.0734
Charlie,2021,11,Credit,26740149.0,19137530.0,7602618.0,0.2843,140,5659,4195,0.0902
Charlie,2021,11,Insurance,19363913.0,14281771.0,5082142.0,0.2625,97,4438,3418,0.0669
Charlie,2021,11,Investment,19226171.0,13272727.0,5953444.0,0.3097,77,3807,2883,0.0609
Charlie,2021,11,Lending,12211819.0,7915730.0,4296089.0,0.3518,29,1467,1163,0.0776
Charlie,2021,12,Wealth,30686014.0,21126571.0,9559442.0,0.3115,148,8712,6439,0.0958
Charlie,2021,12,Credit,20524951.0,14441782.0,6083168.0,0.2964,139,5702,4434,0.0845
Charlie,2021,12,Insurance,20970810.0,16060646.0,4910163.0,0.2341,88,4472,3381,0.0851
Charlie,2021,12,Investment,20644230.0,13772210.0,6872019.0,0.3329,91,3836,2965,0.0879
Charlie,2021,12,Lending,10475482.0,6702558.0,3772923.0,0.3602,34,1478,1159,0.0794
Charlie,2022,1,Wealth,31855278.0,22708655.0,9146622.0,0.2871,176,8712,6543,0.0928
Charlie,2022,1,Credit,24891508.0,17350536.0,7540971.0,0.303,110,5614,3972,0.0755
Charlie,2022,1,Insurance,20488934.0,15757414.0,4731519.0,0.2309,77,4368,3148,0.0617
Charlie,2022,1,Investment,21444486.0,14724549.0,6719936.0,0.3134,77,3807,3033,0.0627
Charlie,2022,1,Lending,11562771.0,7926900.0,3635870.0,0.3144,28,1500,1170,0.0773
Charlie,2022,2,Wealth,31496321.0,21211111.0,10285210.0,0.3266,135,8784,6540,0.0628
Charlie,2022,2,Credit,21312805.0,15508220.0,5804585.0,0.2724,88,5660,4171,0.0786
Charlie,2022,2,Insurance,18325481.0,14060790.0,4264690.0,0.2327,81,4404,3492,0.0752
Charlie,2022,2,Investment,22332214.0,14969259.0,7362954.0,0.3297,76,3838,2688,0.0922
Charlie,2022,2,Lending,10052148.0,6605215.0,3446933.0,0.3429,23,1512,1174,0.0833
Charlie,2022,3,Wealth,25464991.0,17793296.0,7671695.0,0.3013,163,8856,6799,0.0903
Charlie,2022,3,Credit,26284629.0,18655004.0,7629624.0,0.2903,121,5707,4418,0.0668
Charlie,2022,3,Insurance,17840232.0,12783872.0,5056360.0,0.2834,99,4440,3511,0.0903
Charlie,2022,3,Investment,22792653.0,15590407.0,7202245.0,0.316,88,3870,3038,0.0817
Charlie,2022,3,Lending,9256797.0,6300281.0,2956515.0,0.3194,30,1525,1176,0.0708
Charlie,2022,4,Wealth,35214477.0,24463135.0,10751342.0,0.3053,150,8928,6785,0.0945
Charlie,2022,4,Credit,20428437.0,14208585.0,6219852.0,0.3045,115,5753,4135,0.0631
Charlie,2022,4,Insurance,15862903.0,12087230.0,3775672.0,0.238,87,4476,3334,0.0983
Charlie,2022,4,Investment,20718866.0,14372330.0,6346536.0,0.3063,85,3901,2833,0.0976
Charlie,2022,4,Lending,11105767.0,7513024.0,3592743.0,0.3235,31,1537,1202,0.0785
Charlie,2022,5,Wealth,32687255.0,23432744.0,9254511.0,0.2831,188,9000,6538,0.0865
Charlie,2022,5,Credit,21821756.0,15290529.0,6531227.0,0.2993,113,5800,4630,0.0915
Charlie,2022,5,Insurance,15472503.0,11264958.0,4207545.0,0.2719,84,4512,3353,0.0612
Charlie,2022,5,Investment,21397434.0,14853237.0,6544197.0,0.3058,75,3933,3102,0.093
Charlie,2022,5,Lending,12074378.0,8303082.0,3771296.0,0.3123,33,1550,1135,0.0959
Charlie,2022,6,Wealth,33514942.0,23431902.0,10083039.0,0.3009,202,9072,6746,0.0867
Charlie,2022,6,Credit,19884167.0,13905152.0,5979015.0,0.3007,102,5846,4429,0.0627
Charlie,2022,6,Insurance,16547832.0,11921072.0,4626759.0,0.2796,109,4548,3608,0.0921
Charlie,2022,6,Investment,22392164.0,14745657.0,7646507.0,0.3415,99,3964,2870,0.0616
Charlie,2022,6,Lending,12160116.0,8158388.0,4001727.0,0.3291,38,1562,1232,0.094
Charlie,2022,7,Wealth,31354410.0,22862949.0,8491461.0,0.2708,144,9144,6686,0.0606
Charlie,2022,7,Credit,21244614.0,14959157.0,6285457.0,0.2959,125,5892,4573,0.0616
Charlie,2022,7,Insurance,16753852.0,12386153.0,4367698.0,0.2607,69,4584,3638,0.0766
Charlie,2022,7,Investment,24487848.0,16524003.0,7963844.0,0.3252,83,3996,3193,0.0903
Charlie,2022,7,Lending,12215957.0,7933439.0,4282517.0,0.3506,25,1574,1192,0.0828
Charlie,2022,8,Wealth,27813868.0,18755144.0,9058724.0,0.3257,223,9216,6766,0.0811
Charlie,2022,8,Credit,20492450.0,14792329.0,5700120.0,0.2782,115,5939,4450,0.0944
Charlie,2022,8,Insurance,16022792.0,11650075.0,4372716.0,0.2729,96,4620,3258,0.0782
Charlie,2022,8,Investment,23559828.0,16215149.0,7344679.0,0.3117,95,4027,2863,0.097
Charlie,2022,8,Lending,13439993.0,8870105.0,4569887.0,0.34,34,1587,1221,0.0859
Charlie,2022,9,Wealth,29137240.0,20300461.0,8836779.0,0.3033,208,9288,7254,0.0766
Charlie,2022,9,Credit,21143756.0,14963259.0,6180496.0,0.2923,117,5985,4589,0.0935
Charlie,2022,9,Insurance,21535262.0,16503843.0,5031419.0,0.2336,101,4656,3270,0.0669
Charlie,2022,9,Investment,20779491.0,13708452.0,7071038.0,0.3403,93,4059,3231,0.0814
Charlie,2022,9,Lending,12097935.0,7655427.0,4442508.0,0.3672,38,1599,1212,0.0934
Charlie,2022,10,Wealth,29630047.0,19992031.0,9638015.0,0.3253,194,9360,7106,0.0742
Charlie,2022,10,Credit,26403430.0,18689446.0,7713984.0,0.2922,94,6032,4361,0.0966
Charlie,2022,10,Insurance,23039957.0,16522912.0,6517044.0,0.2829,111,4693,3594,0.0684
Charlie,2022,10,Investment,24986521.0,16276939.0,8709582.0,0.3486,89,4090,3016,0.092
Charlie,2022,10,Lending,10825967.0,6948556.0,3877411.0,0.3582,40,1612,1133,0.0959
Charlie,2022,11,Wealth,35688936.0,24761613.0,10927323.0,0.3062,199,9432,7489,0.091
Charlie,2022,11,Credit,23982017.0,17504072.0,6477944.0,0.2701,95,6078,4847,0.0927
Charlie,2022,11,Insurance,17326443.0,12414161.0,4912282.0,0.2835,85,4729,3571,0.0916
Charlie,2022,11,Investment,23404507.0,16321189.0,7083317.0,0.3026,71,4122,3078,0.0707
Charlie,2022,11,Lending,12604900.0,8570708.0,4034191.0,0.32,26,1624,1294,0.0904
Charlie,2022,12,Wealth,38372885.0,27748742.0,10624143.0,0.2769,143,9504,6800,0.0683
Charlie,2022,12,Credit,27578310.0,20188343.0,7389966.0,0.268,106,6124,4366,0.0703
Charlie,2022,12,Insurance,20326671.0,15220168.0,5106503.0,0.2512,85,4765,3800,0.0668
Charlie,2022,12,Investment,28971839.0,19219681.0,9752158.0,0.3366,65,4153,3316,0.0709
Charlie,2022,12,Lending,12941986.0,8553717.0,4388268.0,0.3391,29,1636,1237,0.0922
Charlie,2023,1,Wealth,32661975.0,22905524.0,9756451.0,0.2987,215,9438,6893,0.0725
Charlie,2023,1,Credit,23060798.0,16916976.0,6143821.0,0.2664,119,6001,4250,0.0784
Charlie,2023,1,Insurance,17118663.0,12774931.0,4343732.0,0.2537,102,4636,3375,0.0746
Charlie,2023,1,Investment,23722094.0,15810767.0,7911327.0,0.3335,84,4097,3141,0.0911
Charlie,2023,1,Lending,11311512.0,7669717.0,3641795.0,0.322,25,1645,1172,0.0825
Charlie,2023,2,Wealth,36864336.0,24830889.0,12033446.0,0.3264,144,9516,7158,0.0788
Charlie,2023,2,Credit,20031654.0,14351183.0,5680470.0,0.2836,132,6051,4633,0.0647
Charlie,2023,2,Insurance,18353021.0,13683860.0,4669160.0,0.2544,85,4674,3483,0.0905
Charlie,2023,2,Investment,21279458.0,13955114.0,7324344.0,0.3442,98,4131,3229,0.0804
Charlie,2023,2,Lending,10874495.0,7125416.0,3749078.0,0.3448,33,1659,1268,0.0692
Charlie,2023,3,Wealth,35822406.0,24146474.0,11675932.0,0.3259,215,9594,6983,0.0653
Charlie,2023,3,Credit,23630258.0,17460014.0,6170243.0,0.2611,108,6100,4403,0.0673
Charlie,2023,3,Insurance,21057040.0,15072809.0,5984230.0,0.2842,99,4712,3570,0.0824
Charlie,2023,3,Investment,25249099.0,17710221.0,7538877.0,0.2986,78,4165,3247,0.0747
Charlie,2023,3,Lending,10531332.0,7053372.0,3477960.0,0.3302,37,1672,1266,0.0735
Charlie,2023,4,Wealth,33560873.0,23144723.0,10416149.0,0.3104,166,9672,6981,0.095
Charlie,2023,4,Credit,23736113.0,17427177.0,6308936.0,0.2658,92,6150,4840,0.0917
Charlie,2023,4,Insurance,18295819.0,13674444.0,4621374.0,0.2526,82,4751,3451,0.0822
Charlie,2023,4,Investment,25818910.0,18186153.0,7632756.0,0.2956,83,4199,3325,0.0616
Charlie,2023,4,Lending,11466997.0,7492576.0,3974421.0,0.3466,40,1686,1312,0.0836
Charlie,2023,5,Wealth,37761887.0,26509677.0,11252210.0,0.298,220,9750,6975,0.0795
Charlie,2023,5,Credit,20660123.0,14859270.0,5800852.0,0.2808,136,6200,4919,0.075
Charlie,2023,5,Insurance,21165271.0,15246336.0,5918935.0,0.2797,80,4789,3366,0.0682
Charlie,2023,5,Investment,26484862.0,17776745.0,8708117.0,0.3288,73,4233,3246,0.0787
Charlie,2023,5,Lending,10186520.0,6722324.0,3464196.0,0.3401,26,1699,1195,0.082
Charlie,2023,6,Wealth,28531487.0,19238695.0,9292791.0,0.3257,245,9828,7661,0.0901
Charlie,2023,6,Credit,26275818.0,19332467.0,6943351.0,0.2642,96,6249,4827,0.0645
Charlie,2023,6,Insurance,23184308.0,17588813.0,5595494.0,0.2413,116,4827,3714,0.0844
Charlie,2023,6,Investment,26867031.0,18443528.0,8423502.0,0.3135,96,4267,3040,0.0909
Charlie,2023,6,Lending,11840436.0,7774579.0,4065856.0,0.3434,40,1713,1342,0.0971
Charlie,2023,7,Wealth,38778943.0,28154679.0,10624263.0,0.274,150,9906,7753,0.081
Charlie,2023,7,Credit,23068786.0,16910156.0,6158629.0,0.267,120,6299,4593,0.0733
Charlie,2023,7,Insurance,21374945.0,15602169.0,5772775.0,0.2701,118,4866,3535,0.0845
Charlie,2023,7,Investment,29915012.0,20894481.0,9020530.0,0.3015,77,4301,3277,0.084
Charlie,2023,7,Lending,14374174.0,9280771.0,5093402.0,0.3543,30,1727,1257,0.0985
Charlie,2023,8,Wealth,32279102.0,22250410.0,10028692.0,0.3107,203,9984,7335,0.0774
Charlie,2023,8,Credit,27988913.0,20467935.0,7520978.0,0.2687,116,6348,4493,0.0777
Charlie,2023,8,Insurance,20100432.0,15370008.0,4730423.0,0.2353,122,4904,3698,0.0994
Charlie,2023,8,Investment,23489103.0,16152269.0,7336834.0,0.3124,105,4334,3060,0.0637
Charlie,2023,8,Lending,14674761.0,9500323.0,5174437.0,0.3526,30,1740,1277,0.078
Charlie,2023,9,Wealth,40491111.0,28340090.0,12151021.0,0.3001,175,10062,7517,0.0865
Charlie,2023,9,Credit,22778675.0,16199032.0,6579642.0,0.2889,113,6398,4591,0.0718
Charlie,2023,9,Insurance,22603667.0,16378100.0,6225567.0,0.2754,76,4942,3462,0.0685
Charlie,2023,9,Investment,28363249.0,18917515.0,9445734.0,0.333,102,4368,3213,0.0903
Charlie,2023,9,Lending,14496370.0,9729490.0,4766880.0,0.3288,38,1754,1275,0.0676
Charlie,2023,10,Wealth,37362136.0,25166640.0,12195496.0,0.3264,213,10140,7973,0.0929
Charlie,2023,10,Credit,23418076.0,16530924.0,6887152.0,0.2941,130,6448,4699,0.0797
Charlie,2023,10,Insurance,20379460.0,15524556.0,4854904.0,0.2382,111,4981,3801,0.0833
Charlie,2023,10,Investment,26821147.0,17590789.0,9230358.0,0.3441,81,4402,3404,0.0863
Charlie,2023,10,Lending,11937136.0,8160808.0,3776327.0,0.3164,41,1767,1329,0.088
Charlie,2023,11,Wealth,37176432.0,26247634.0,10928797.0,0.294,186,10217,7162,0.0931
Charlie,2023,11,Credit,27193660.0,19122601.0,8071059.0,0.2968,103,6497,4597,0.0745
Charlie,2023,11,Insurance,23971951.0,17048034.0,6923916.0,0.2888,86,5019,3547,0.0838
Charlie,2023,11,Investment,28378427.0,18957291.0,9421136.0,0.332,93,4436,3488,0.0689
Charlie,2023,11,Lending,14763326.0,10033873.0,4729452.0,0.3204,36,1781,1299,0.0975
Charlie,2023,12,Wealth,40521145.0,28550677.0,11970467.0,0.2954,236,10296,7239,0.0913
Charlie,2023,12,Credit,29634942.0,21608284.0,8026657.0,0.2709,101,6547,4617,0.0877
Charlie,2023,12,Insurance,22700851.0,17182374.0,5518476.0,0.2431,125,5057,3830,0.0655
Charlie,2023,12,Investment,24234025.0,16683853.0,7550171.0,0.3116,103,4470,3495,0.0791
Charlie,2023,12,Lending,14217247.0,9500624.0,4716622.0,0.3318,41,1795,1315,0.0684
Charlie,2024,1,Wealth,38971344.0,26497573.0,12473770.0,0.3201,188,10164,8042,0.0826
Charlie,2024,1,Credit,24351559.0,17707005.0,6644553.0,0.2729,147,6388,4997,0.0754
Charlie,2024,1,Insurance,22340202.0,16832327.0,5507875.0,0.2465,83,4904,3441,0.0872
Charlie,2024,1,Investment,29345277.0,19631051.0,9714225.0,0.331,89,4388,3085,0.079
Charlie,2024,1,Lending,11453683.0,7731392.0,3722290.0,0.325,38,1790,1363,0.0733
Charlie,2024,2,Wealth,38871761.0,26709362.0,12162398.0,0.3129,160,10248,7601,0.0647
Charlie,2024,2,Credit,25209530.0,17737064.0,7472466.0,0.2964,99,6441,4955,0.0859
Charlie,2024,2,Insurance,21519115.0,15858731.0,5660383.0,0.263,94,4945,3873,0.0926
Charlie,2024,2,Investment,24702626.0,16889417.0,7813208.0,0.3163,106,4424,3522,0.0778
Charlie,2024,2,Lending,10637510.0,7076174.0,3561335.0,0.3348,39,1805,1382,0.0628
Charlie,2024,3,Wealth,36564053.0,26059920.0,10504133.0,0.2873,212,10332,7262,0.0963
Charlie,2024,3,Credit,21133918.0,15318899.0,5815018.0,0.2752,108,6494,5116,0.0823
Charlie,2024,3,Insurance,21679433.0,16279917.0,5399516.0,0.2491,123,4985,3620,0.0725
Charlie,2024,3,Investment,22477328.0,14763763.0,7713565.0,0.3432,108,4460,3530,0.0854
Charlie,2024,3,Lending,13927686.0,9371355.0,4556330.0,0.3271,28,1820,1331,0.0617
Charlie,2024,4,Wealth,40449319.0,28561520.0,11887798.0,0.2939,202,10416,8221,0.0863
Charlie,2024,4,Credit,21667360.0,15548112.0,6119248.0,0.2824,153,6547,4865,0.0752
Charlie,2024,4,Insurance,17971603.0,13298471.0,4673131.0,0.26,97,5026,3643,0.0819
Charlie,2024,4,Investment,23269135.0,16090418.0,7178716.0,0.3085,93,4497,3294,0.0616
Charlie,2024,4,Lending,15131982.0,9688867.0,5443114.0,0.3597,40,1835,1412,0.073
Charlie,2024,5,Wealth,32389882.0,23234779.0,9155102.0,0.2827,247,10500,8211,0.0776
Charlie,2024,5,Credit,23950456.0,17413535.0,6536921.0,0.2729,139,6600,4919,0.0912
Charlie,2024,5,Insurance,22850738.0,16767603.0,6083134.0,0.2662,109,5066,3894,0.0648
Charlie,2024,5,Investment,23659036.0,16516710.0,7142325.0,0.3019,70,4533,3575,0.0768
Charlie,2024,5,Lending,14187218.0,9324017.0,4863201.0,0.3428,35,1850,1324,0.0668
Charlie,2024,6,Wealth,36886530.0,25948378.0,10938152.0,0.2965,243,10584,8175,0.0876
Charlie,2024,6,Credit,28030136.0,20854008.0,7176128.0,0.256,100,6652,5096,0.0841
Charlie,2024,6,Insurance,24538430.0,18781507.0,5756923.0,0.2346,88,5107,3998,0.0979
Charlie,2024,6,Investment,26171509.0,18166404.0,8005104.0,0.3059,81,4569,3325,0.0614
Charlie,2024,6,Lending,14581902.0,10017222.0,4564679.0,0.313,28,1864,1411,0.0757
Charlie,2024,7,Wealth,39389241.0,27026162.0,12363079.0,0.3139,261,10668,8301,0.0725
Charlie,2024,7,Credit,29818966.0,22292197.0,7526768.0,0.2524,140,6705,4960,0.099
Charlie,2024,7,Insurance,23066465.0,17675529.0,5390936.0,0.2337,104,5147,3894,0.0901
Charlie,2024,7,Investment,32510615.0,22351590.0,10159024.0,0.3125,94,4605,3246,0.077
Charlie,2024,7,Lending,14196500.0,9656456.0,4540043.0,0.3198,32,1879,1374,0.0704
Charlie,2024,8,Wealth,33246806.0,22414202.0,10832604.0,0.3258,171,10752,8010,0.0735
Charlie,2024,8,Credit,27164056.0,19904744.0,7259311.0,0.2672,120,6758,4954,0.0865
Charlie,2024,8,Insurance,21492243.0,15913886.0,5578357.0,0.2596,100,5188,3805,0.0758
Charlie,2024,8,Investment,32230899.0,21814977.0,10415922.0,0.3232,79,4642,3346,0.0719
Charlie,2024,8,Lending,14579324.0,9925108.0,4654215.0,0.3192,31,1894,1376,0.0744
Charlie,2024,9,Wealth,34658139.0,25039329.0,9618809.0,0.2775,181,10836,8481,0.0834
Charlie,2024,9,Credit,24828033.0,17582472.0,7245560.0,0.2918,115,6811,5204,0.0704
Charlie,2024,9,Insurance,21546272.0,16154562.0,5391710.0,0.2502,94,5228,3723,0.0644
Charlie,2024,9,Investment,32101786.0,21106697.0,10995089.0,0.3425,107,4678,3340,0.0818
Charlie,2024,9,Lending,14374706.0,9576148.0,4798557.0,0.3338,31,1909,1477,0.0744
Charlie,2024,10,Wealth,37857727.0,27021383.0,10836344.0,0.2862,172,10920,8727,0.0662
Charlie,2024,10,Credit,28546201.0,21208776.0,7337424.0,0.257,114,6863,5045,0.0905
Charlie,2024,10,Insurance,25632365.0,18755865.0,6876500.0,0.2683,130,5269,4092,0.0774
Charlie,2024,10,Investment,25194787.0,17242073.0,7952714.0,0.3156,86,4714,3565,0.094
Charlie,2024,10,Lending,16100051.0,11086302.0,5013748.0,0.3114,37,1923,1399,0.0652
Charlie,2024,11,Wealth,42314049.0,28910185.0,13403863.0,0.3168,166,11003,8602,0.0616
Charlie,2024,11,Credit,23186674.0,16009986.0,7176687.0,0.3095,124,6916,4986,0.0906
Charlie,2024,11,Insurance,21752120.0,15962832.0,5789287.0,0.2661,106,5309,3748,0.0715
Charlie,2024,11,Investment,26694519.0,17409381.0,9285138.0,0.3478,77,4750,3397,0.0956
Charlie,2024,11,Lending,16432520.0,10743762.0,5688757.0,0.3462,42,1938,1468,0.0772
Charlie,2024,12,Wealth,36367762.0,26235568.0,10132193.0,0.2786,168,11088,8276,0.0977
Charlie,2024,12,Credit,28407556.0,20239821.0,8167735.0,0.2875,156,6969,5030,0.0624
Charlie,2024,12,Insurance,25345289.0,19192972.0,6152316.0,0.2427,86,5350,4120,0.0645
Charlie,2024,12,Investment,31063415.0,21418873.0,9644541.0,0.3105,94,4787,3795,0.0733
Charlie,2024,12,Lending,15130003.0,10414425.0,4715577.0,0.3117,41,1953,1524,0.0937
